Datetime,Household202,Household210,Quantile
14-09-2015 00:15,2.26349845,1.070854661,0.5
14-09-2015 00:30,2.548710462,0.956016417,0.5
14-09-2015 00:45,2.778142487,0.797165327,0.5
14-09-2015 01:00,2.876845108,0.623904496,0.5
14-09-2015 01:15,2.881462956,0.481553306,0.5
14-09-2015 01:30,2.856264288,0.386099247,0.5
14-09-2015 01:45,2.796995605,0.318503971,0.5
14-09-2015 02:00,2.713367258,0.262489577,0.5
14-09-2015 02:15,2.637796079,0.223385612,0.5
14-09-2015 02:30,2.545084262,0.213667583,0.5
14-09-2015 02:45,2.369311719,0.231297057,0.5
14-09-2015 03:00,2.041665272,0.253041471,0.5
14-09-2015 03:15,1.550695838,0.251355906,0.5
14-09-2015 03:30,1.017389318,0.216438454,0.5
14-09-2015 03:45,0.601159786,0.160099529,0.5
14-09-2015 04:00,0.348140082,0.104552142,0.5
14-09-2015 04:15,0.209136175,0.067440044,0.5
14-09-2015 04:30,0.13565555,0.052692769,0.5
14-09-2015 04:45,0.103308569,0.052830638,0.5
14-09-2015 05:00,0.091794666,0.056867607,0.5
14-09-2015 05:15,0.083714461,0.058755972,0.5
14-09-2015 05:30,0.072724989,0.060509684,0.5
14-09-2015 05:45,0.060392378,0.066175029,0.5
14-09-2015 06:00,0.049398651,0.074768495,0.5
14-09-2015 06:15,0.042010035,0.078658017,0.5
14-09-2015 06:30,0.040357975,0.070634547,0.5
14-09-2015 06:45,0.045015285,0.053837039,0.5
14-09-2015 07:00,0.05365392,0.038447981,0.5
14-09-2015 07:15,0.06271849,0.03000808,0.5
14-09-2015 07:30,0.070228299,0.027024607,0.5
14-09-2015 07:45,0.076230612,0.026416867,0.5
14-09-2015 08:00,0.082221432,0.026733406,0.5
14-09-2015 08:15,0.089894937,0.02786805,0.5
14-09-2015 08:30,0.098269596,0.029998791,0.5
14-09-2015 08:45,0.102920472,0.032884133,0.5
14-09-2015 09:00,0.100422269,0.035911701,0.5
14-09-2015 09:15,0.09199304,0.038589221,0.5
14-09-2015 09:30,0.081248094,0.040850725,0.5
14-09-2015 09:45,0.071902786,0.043115849,0.5
14-09-2015 10:00,0.066561659,0.045875562,0.5
14-09-2015 10:15,0.064742008,0.049089565,0.5
14-09-2015 10:30,0.06543356,0.052382199,0.5
14-09-2015 10:45,0.069157137,0.056143825,0.5
14-09-2015 11:00,0.073729478,0.062823618,0.5
14-09-2015 11:15,0.074970923,0.076718685,0.5
14-09-2015 11:30,0.073227172,0.100081014,0.5
14-09-2015 11:45,0.072460717,0.129136735,0.5
14-09-2015 12:00,0.074430861,0.156975637,0.5
14-09-2015 12:15,2.38063371,1.177317448,0.5
14-09-2015 12:30,2.690533303,1.111141825,0.5
14-09-2015 12:45,2.902530267,0.984763441,0.5
14-09-2015 13:00,2.926017743,0.805045431,0.5
14-09-2015 13:15,2.840929937,0.613160461,0.5
14-09-2015 13:30,2.783917969,0.446775792,0.5
14-09-2015 13:45,2.76268829,0.31759688,0.5
14-09-2015 14:00,2.722027795,0.229248113,0.5
14-09-2015 14:15,2.629498932,0.186181585,0.5
14-09-2015 14:30,2.458223189,0.18392148,0.5
14-09-2015 14:45,2.211619254,0.206708062,0.5
14-09-2015 15:00,1.924559318,0.234665865,0.5
14-09-2015 15:15,1.624656339,0.246913177,0.5
14-09-2015 15:30,1.320883394,0.228166621,0.5
14-09-2015 15:45,0.990986889,0.180801201,0.5
14-09-2015 16:00,0.632723052,0.124062578,0.5
14-09-2015 16:15,0.3230457,0.079278997,0.5
14-09-2015 16:30,0.136531054,0.056477033,0.5
14-09-2015 16:45,0.061627239,0.05152434,0.5
14-09-2015 17:00,0.042196642,0.053382086,0.5
14-09-2015 17:15,0.038828974,0.056312148,0.5
14-09-2015 17:30,0.037704894,0.06410779,0.5
14-09-2015 17:45,0.036383095,0.079492789,0.5
14-09-2015 18:00,0.034388395,0.094839225,0.5
14-09-2015 18:15,0.031671691,0.097632514,0.5
14-09-2015 18:30,0.029375965,0.083138554,0.5
14-09-2015 18:45,0.029319624,0.059751215,0.5
14-09-2015 19:00,0.032965117,0.040287347,0.5
14-09-2015 19:15,0.041691908,0.030317245,0.5
14-09-2015 19:30,0.056823171,0.027525506,0.5
14-09-2015 19:45,0.077704416,0.027843696,0.5
14-09-2015 20:00,0.101417931,0.028656878,0.5
14-09-2015 20:15,0.124309594,0.029139647,0.5
14-09-2015 20:30,0.141576973,0.029935445,0.5
14-09-2015 20:45,0.148251375,0.031819022,0.5
14-09-2015 21:00,0.143663918,0.034564111,0.5
14-09-2015 21:15,0.13263152,0.037428008,0.5
14-09-2015 21:30,0.120947932,0.040219166,0.5
14-09-2015 21:45,0.111814911,0.043386707,0.5
14-09-2015 22:00,0.105281488,0.047019618,0.5
14-09-2015 22:15,0.09870901,0.050287464,0.5
14-09-2015 22:30,0.0901732,0.052243427,0.5
14-09-2015 22:45,0.080943251,0.053047408,0.5
14-09-2015 23:00,0.07208569,0.054967704,0.5
14-09-2015 23:15,0.063329214,0.062542708,0.5
14-09-2015 23:30,0.055979979,0.079659732,0.5
14-09-2015 23:45,0.051324702,0.1049674,0.5
15-09-2015 00:00,0.048455882,0.132540777,0.5
15-09-2015 00:15,2.318991373,1.244134251,0.5
15-09-2015 00:30,2.620588596,1.159199328,0.5
15-09-2015 00:45,2.845985819,1.001370811,0.5
15-09-2015 01:00,2.918277708,0.79346691,0.5
15-09-2015 01:15,2.893253009,0.597746471,0.5
15-09-2015 01:30,2.860096352,0.452590331,0.5
15-09-2015 01:45,2.821588623,0.347567563,0.5
15-09-2015 02:00,2.762789799,0.265037757,0.5
15-09-2015 02:15,2.669804275,0.209681648,0.5
15-09-2015 02:30,2.491358358,0.194944023,0.5
15-09-2015 02:45,2.194041358,0.216624882,0.5
15-09-2015 03:00,1.794782524,0.24908049,0.5
15-09-2015 03:15,1.357469283,0.264680689,0.5
15-09-2015 03:30,0.977521261,0.248703806,0.5
15-09-2015 03:45,0.691647797,0.201596249,0.5
15-09-2015 04:00,0.462865826,0.139141147,0.5
15-09-2015 04:15,0.276212483,0.0843313,0.5
15-09-2015 04:30,0.152326894,0.050132239,0.5
15-09-2015 04:45,0.092402782,0.034082215,0.5
15-09-2015 05:00,0.072274811,0.028182532,0.5
15-09-2015 05:15,0.067746419,0.027316926,0.5
15-09-2015 05:30,0.065963758,0.030128354,0.5
15-09-2015 05:45,0.063915744,0.037540702,0.5
15-09-2015 06:00,0.063118443,0.051864859,0.5
15-09-2015 06:15,0.06773758,0.075754275,0.5
15-09-2015 06:30,0.085351863,0.110466548,0.5
15-09-2015 06:45,0.116432325,0.148801502,0.5
15-09-2015 07:00,0.142583571,0.167986488,0.5
15-09-2015 07:15,0.143908974,0.148414115,0.5
15-09-2015 07:30,0.124358135,0.102161188,0.5
15-09-2015 07:45,0.103047322,0.060071806,0.5
15-09-2015 08:00,0.091880127,0.037709879,0.5
15-09-2015 08:15,0.091065507,0.030939702,0.5
15-09-2015 08:30,0.095828965,0.03141504,0.5
15-09-2015 08:45,0.103429595,0.034293854,0.5
15-09-2015 09:00,0.115969719,0.037531363,0.5
15-09-2015 09:15,0.132824035,0.04048206,0.5
15-09-2015 09:30,0.143470364,0.043342819,0.5
15-09-2015 09:45,0.140016835,0.04654459,0.5
15-09-2015 10:00,0.129073862,0.04996813,0.5
15-09-2015 10:15,0.118981086,0.05285796,0.5
15-09-2015 10:30,0.10947039,0.054703959,0.5
15-09-2015 10:45,0.098907674,0.056119811,0.5
15-09-2015 11:00,0.087516869,0.059533555,0.5
15-09-2015 11:15,0.074874239,0.069431452,0.5
15-09-2015 11:30,0.061796139,0.089570009,0.5
15-09-2015 11:45,0.050845164,0.11812314,0.5
15-09-2015 12:00,0.043261088,0.148427799,0.5
15-09-2015 12:15,2.321268739,1.206385326,0.5
15-09-2015 12:30,2.617927665,1.150079745,0.5
15-09-2015 12:45,2.831875729,1.011588544,0.5
15-09-2015 13:00,2.880790637,0.793393444,0.5
15-09-2015 13:15,2.828364421,0.561617899,0.5
15-09-2015 13:30,2.785576172,0.387223947,0.5
15-09-2015 13:45,2.757402733,0.288400117,0.5
15-09-2015 14:00,2.709077819,0.245430851,0.5
15-09-2015 14:15,2.620113496,0.229535415,0.5
15-09-2015 14:30,2.439851089,0.217829084,0.5
15-09-2015 14:45,2.154413223,0.207252611,0.5
15-09-2015 15:00,1.851508592,0.210293521,0.5
15-09-2015 15:15,1.605907338,0.225994578,0.5
15-09-2015 15:30,1.368811177,0.228179798,0.5
15-09-2015 15:45,1.048795885,0.194324456,0.5
15-09-2015 16:00,0.663963406,0.134337482,0.5
15-09-2015 16:15,0.336477651,0.079730088,0.5
15-09-2015 16:30,0.145383918,0.051103772,0.5
15-09-2015 16:45,0.066773272,0.046225256,0.5
15-09-2015 17:00,0.042504979,0.051931031,0.5
15-09-2015 17:15,0.03661763,0.057331624,0.5
15-09-2015 17:30,0.035815492,0.061268986,0.5
15-09-2015 17:45,0.036069358,0.069617115,0.5
15-09-2015 18:00,0.037021602,0.081993588,0.5
15-09-2015 18:15,0.039748514,0.087163388,0.5
15-09-2015 18:30,0.044336212,0.076791565,0.5
15-09-2015 18:45,0.050568605,0.056779408,0.5
15-09-2015 19:00,0.058927484,0.039402209,0.5
15-09-2015 19:15,0.068290835,0.030294566,0.5
15-09-2015 19:30,0.075822502,0.027347445,0.5
15-09-2015 19:45,0.080721298,0.026843675,0.5
15-09-2015 20:00,0.085147268,0.026895668,0.5
15-09-2015 20:15,0.090880865,0.027382703,0.5
15-09-2015 20:30,0.096922694,0.02887881,0.5
15-09-2015 20:45,0.100769347,0.031595027,0.5
15-09-2015 21:00,0.1011396,0.034986545,0.5
15-09-2015 21:15,0.098908617,0.038376269,0.5
15-09-2015 21:30,0.0957916,0.041765479,0.5
15-09-2015 21:45,0.092950515,0.045589281,0.5
15-09-2015 22:00,0.090669572,0.049649126,0.5
15-09-2015 22:15,0.08779271,0.053010741,0.5
15-09-2015 22:30,0.082265632,0.055206879,0.5
15-09-2015 22:45,0.074487461,0.057135534,0.5
15-09-2015 23:00,0.069789579,0.06122361,0.5
15-09-2015 23:15,0.075145289,0.070973828,0.5
15-09-2015 23:30,0.089943414,0.088762514,0.5
15-09-2015 23:45,0.103241173,0.112955984,0.5
16-09-2015 00:00,0.105593121,0.138669814,0.5
16-09-2015 00:15,2.607511786,1.224989397,0.5
16-09-2015 00:30,2.933427172,1.162457754,0.5
16-09-2015 00:45,3.156462934,1.028178748,0.5
16-09-2015 01:00,3.202744475,0.828166649,0.5
16-09-2015 01:15,3.136669166,0.610383966,0.5
16-09-2015 01:30,3.076863208,0.430934904,0.5
16-09-2015 01:45,3.054075328,0.321125418,0.5
16-09-2015 02:00,3.01936093,0.273741167,0.5
16-09-2015 02:15,2.903608844,0.25571014,0.5
16-09-2015 02:30,2.647425193,0.250315617,0.5
16-09-2015 02:45,2.250064997,0.261933316,0.5
16-09-2015 03:00,1.806709012,0.280055016,0.5
16-09-2015 03:15,1.440648873,0.282483297,0.5
16-09-2015 03:30,1.17260288,0.259086267,0.5
16-09-2015 03:45,0.919743875,0.209305803,0.5
16-09-2015 04:00,0.638812625,0.145657353,0.5
16-09-2015 04:15,0.380048531,0.095990837,0.5
16-09-2015 04:30,0.200719898,0.076005294,0.5
16-09-2015 04:45,0.10596167,0.073121307,0.5
16-09-2015 05:00,0.069497164,0.068191498,0.5
16-09-2015 05:15,0.068590119,0.058037743,0.5
16-09-2015 05:30,0.093126489,0.051916079,0.5
16-09-2015 05:45,0.13042441,0.057500885,0.5
16-09-2015 06:00,0.156128883,0.072313178,0.5
16-09-2015 06:15,0.15376616,0.082996561,0.5
16-09-2015 06:30,0.131625097,0.077424636,0.5
16-09-2015 06:45,0.107209402,0.059011204,0.5
16-09-2015 07:00,0.088961661,0.041190996,0.5
16-09-2015 07:15,0.07848203,0.031416543,0.5
16-09-2015 07:30,0.076398367,0.028048599,0.5
16-09-2015 07:45,0.082164987,0.027414184,0.5
16-09-2015 08:00,0.093637763,0.027996389,0.5
16-09-2015 08:15,0.10849859,0.029931836,0.5
16-09-2015 08:30,0.123469917,0.033224957,0.5
16-09-2015 08:45,0.133052472,0.036816692,0.5
16-09-2015 09:00,0.134099825,0.039572406,0.5
16-09-2015 09:15,0.13008333,0.041676984,0.5
16-09-2015 09:30,0.127100842,0.044091283,0.5
16-09-2015 09:45,0.1275788,0.047127938,0.5
16-09-2015 10:00,0.127682612,0.050197588,0.5
16-09-2015 10:15,0.120140058,0.052630891,0.5
16-09-2015 10:30,0.10264319,0.054337069,0.5
16-09-2015 10:45,0.081677471,0.055808177,0.5
16-09-2015 11:00,0.06476806,0.058466087,0.5
16-09-2015 11:15,0.053664508,0.065449377,0.5
16-09-2015 11:30,0.046684479,0.080168457,0.5
16-09-2015 11:45,0.042062143,0.102281391,0.5
16-09-2015 12:00,0.038564569,0.127110873,0.5
16-09-2015 12:15,2.668897099,1.190200329,0.5
16-09-2015 12:30,3.03051551,1.116609035,0.5
16-09-2015 12:45,3.295434306,0.978303201,0.5
16-09-2015 13:00,3.374903581,0.786807862,0.5
16-09-2015 13:15,3.310258213,0.587601811,0.5
16-09-2015 13:30,3.20096122,0.427335517,0.5
16-09-2015 13:45,3.08800393,0.330473103,0.5
16-09-2015 14:00,2.96577423,0.291105166,0.5
16-09-2015 14:15,2.804348098,0.2767455,0.5
16-09-2015 14:30,2.552453197,0.260002871,0.5
16-09-2015 14:45,2.191423536,0.236380072,0.5
16-09-2015 15:00,1.77830427,0.206403101,0.5
16-09-2015 15:15,1.392466161,0.167661964,0.5
16-09-2015 15:30,1.054133546,0.123689565,0.5
16-09-2015 15:45,0.741491049,0.083357173,0.5
16-09-2015 16:00,0.467027622,0.05415733,0.5
16-09-2015 16:15,0.273965523,0.037978932,0.5
16-09-2015 16:30,0.171219632,0.031281963,0.5
16-09-2015 16:45,0.124690735,0.029556101,0.5
16-09-2015 17:00,0.099664999,0.030837095,0.5
16-09-2015 17:15,0.081656526,0.036367476,0.5
16-09-2015 17:30,0.068274222,0.048964542,0.5
16-09-2015 17:45,0.06044556,0.068234674,0.5
16-09-2015 18:00,0.059283866,0.086190268,0.5
16-09-2015 18:15,0.063401495,0.091052107,0.5
16-09-2015 18:30,0.069133426,0.078776985,0.5
16-09-2015 18:45,0.073436073,0.058183991,0.5
16-09-2015 19:00,0.076378053,0.041586862,0.5
16-09-2015 19:15,0.081386782,0.034074956,0.5
16-09-2015 19:30,0.089869153,0.033728277,0.5
16-09-2015 19:45,0.097359408,0.037188977,0.5
16-09-2015 20:00,0.099900867,0.042408834,0.5
16-09-2015 20:15,0.098670804,0.047722145,0.5
16-09-2015 20:30,0.095420014,0.050532417,0.5
16-09-2015 20:45,0.090540391,0.049306018,0.5
16-09-2015 21:00,0.085439832,0.045985282,0.5
16-09-2015 21:15,0.083314925,0.043879835,0.5
16-09-2015 21:30,0.087657068,0.044444468,0.5
16-09-2015 21:45,0.098115777,0.047125399,0.5
16-09-2015 22:00,0.109484203,0.05052594,0.5
16-09-2015 22:15,0.116842551,0.053367296,0.5
16-09-2015 22:30,0.118687416,0.05524025,0.5
16-09-2015 22:45,0.115125327,0.056527212,0.5
16-09-2015 23:00,0.106822397,0.057836876,0.5
16-09-2015 23:15,0.096123644,0.059704992,0.5
16-09-2015 23:30,0.086398799,0.062084646,0.5
16-09-2015 23:45,0.079473993,0.063999688,0.5
17-09-2015 00:00,0.075112641,0.064524033,0.5
17-09-2015 00:15,2.58242938,1.702990802,0.5
17-09-2015 00:30,2.888456624,1.708490045,0.5
17-09-2015 00:45,3.101258186,1.627675659,0.5
17-09-2015 01:00,3.150644325,1.434851435,0.5
17-09-2015 01:15,3.09448569,1.17052997,0.5
17-09-2015 01:30,3.036310372,0.902657073,0.5
17-09-2015 01:45,2.988920715,0.675325915,0.5
17-09-2015 02:00,2.897318281,0.510139303,0.5
17-09-2015 02:15,2.72213413,0.409504699,0.5
17-09-2015 02:30,2.463332845,0.358518035,0.5
17-09-2015 02:45,2.142925161,0.33811072,0.5
17-09-2015 03:00,1.793660855,0.330176508,0.5
17-09-2015 03:15,1.46035788,0.316845631,0.5
17-09-2015 03:30,1.169062024,0.283492357,0.5
17-09-2015 03:45,0.898504116,0.227202686,0.5
17-09-2015 04:00,0.629864106,0.164573022,0.5
17-09-2015 04:15,0.393879861,0.121544513,0.5
17-09-2015 04:30,0.232680285,0.108162566,0.5
17-09-2015 04:45,0.151750794,0.108869662,0.5
17-09-2015 05:00,0.124841886,0.102750746,0.5
17-09-2015 05:15,0.121216374,0.088903685,0.5
17-09-2015 05:30,0.123543947,0.085128507,0.5
17-09-2015 05:45,0.129601353,0.105124545,0.5
17-09-2015 06:00,0.139578295,0.141061332,0.5
17-09-2015 06:15,0.147273613,0.166370555,0.5
17-09-2015 06:30,0.146577394,0.159637846,0.5
17-09-2015 06:45,0.137847755,0.125587288,0.5
17-09-2015 07:00,0.12572392,0.087142139,0.5
17-09-2015 07:15,0.115136599,0.06276748,0.5
17-09-2015 07:30,0.107089102,0.054826433,0.5
17-09-2015 07:45,0.099293268,0.054165264,0.5
17-09-2015 08:00,0.092506452,0.05241694,0.5
17-09-2015 08:15,0.090713522,0.048578777,0.5
17-09-2015 08:30,0.094555979,0.045165225,0.5
17-09-2015 08:45,0.099777789,0.043076523,0.5
17-09-2015 09:00,0.102910461,0.041824112,0.5
17-09-2015 09:15,0.104236465,0.041581985,0.5
17-09-2015 09:30,0.104761967,0.043373585,0.5
17-09-2015 09:45,0.104737985,0.047827318,0.5
17-09-2015 10:00,0.104390861,0.053700849,0.5
17-09-2015 10:15,0.103148862,0.058033458,0.5
17-09-2015 10:30,0.100237925,0.058929185,0.5
17-09-2015 10:45,0.096872452,0.057499042,0.5
17-09-2015 11:00,0.095569519,0.05627078,0.5
17-09-2015 11:15,0.097037716,0.056932483,0.5
17-09-2015 11:30,0.098844145,0.059681337,0.5
17-09-2015 11:45,0.098459852,0.06354627,0.5
17-09-2015 12:00,0.096231936,0.067313792,0.5
14-09-2015 00:15,3.706097515,1.687521201,0.75
14-09-2015 00:30,4.248882647,1.539421455,0.75
14-09-2015 00:45,4.650502734,1.307115264,0.75
14-09-2015 01:00,4.76473551,1.028278093,0.75
14-09-2015 01:15,4.692071745,0.785169985,0.75
14-09-2015 01:30,4.580218285,0.618890403,0.75
14-09-2015 01:45,4.413632439,0.501700632,0.75
14-09-2015 02:00,4.206351522,0.405453358,0.75
14-09-2015 02:15,4.034345016,0.338926743,0.75
14-09-2015 02:30,3.867420828,0.320435072,0.75
14-09-2015 02:45,3.588154612,0.342115135,0.75
14-09-2015 03:00,3.066230425,0.363265861,0.75
14-09-2015 03:15,2.27309791,0.343064043,0.75
14-09-2015 03:30,1.418421023,0.277143324,0.75
14-09-2015 03:45,0.77457199,0.192341275,0.75
14-09-2015 04:00,0.410099969,0.11881379,0.75
14-09-2015 04:15,0.230011188,0.073103829,0.75
14-09-2015 04:30,0.143453553,0.05526032,0.75
14-09-2015 04:45,0.107207036,0.054743782,0.75
14-09-2015 05:00,0.094632957,0.058784201,0.75
14-09-2015 05:15,0.086069438,0.060585731,0.75
14-09-2015 05:30,0.074577648,0.062185839,0.75
14-09-2015 05:45,0.061790883,0.067885547,0.75
14-09-2015 06:00,0.050478387,0.076703826,0.75
14-09-2015 06:15,0.042897147,0.080698511,0.75
14-09-2015 06:30,0.041156617,0.07239058,0.75
14-09-2015 06:45,0.045830531,0.055047734,0.75
14-09-2015 07:00,0.054578942,0.039197427,0.75
14-09-2015 07:15,0.063802388,0.030534683,0.75
14-09-2015 07:30,0.071479487,0.027495633,0.75
14-09-2015 07:45,0.077652044,0.026898401,0.75
14-09-2015 08:00,0.083864863,0.027254545,0.75
14-09-2015 08:15,0.091877138,0.028463801,0.75
14-09-2015 08:30,0.100654077,0.030702207,0.75
14-09-2015 08:45,0.105552934,0.033693049,0.75
14-09-2015 09:00,0.10298551,0.036785107,0.75
14-09-2015 09:15,0.094247239,0.039479425,0.75
14-09-2015 09:30,0.083138452,0.041730521,0.75
14-09-2015 09:45,0.07351913,0.043995063,0.75
14-09-2015 10:00,0.06806401,0.046795887,0.75
14-09-2015 10:15,0.066243255,0.050088203,0.75
14-09-2015 10:30,0.066987485,0.053486309,0.75
14-09-2015 10:45,0.070844197,0.057417822,0.75
14-09-2015 11:00,0.075608769,0.064441442,0.75
14-09-2015 11:15,0.077035835,0.079067166,0.75
14-09-2015 11:30,0.075534202,0.103741515,0.75
14-09-2015 11:45,0.075169366,0.134580463,0.75
14-09-2015 12:00,0.077661289,0.164282301,0.75
14-09-2015 12:15,4.066612851,1.921668093,0.75
14-09-2015 12:30,4.709436166,1.870592739,0.75
14-09-2015 12:45,5.097465035,1.692505134,0.75
14-09-2015 13:00,5.026873393,1.380418846,0.75
14-09-2015 13:15,4.700534469,1.023707214,0.75
14-09-2015 13:30,4.454039895,0.720141003,0.75
14-09-2015 13:45,4.324486517,0.497553836,0.75
14-09-2015 14:00,4.194938628,0.350710455,0.75
14-09-2015 14:15,3.997275163,0.277914972,0.75
14-09-2015 14:30,3.678906436,0.267590529,0.75
14-09-2015 14:45,3.241775715,0.29230987,0.75
14-09-2015 15:00,2.749803197,0.321902019,0.75
14-09-2015 15:15,2.256890518,0.329381417,0.75
14-09-2015 15:30,1.78925972,0.297609832,0.75
14-09-2015 15:45,1.321145338,0.231079987,0.75
14-09-2015 16:00,0.835285846,0.153922857,0.75
14-09-2015 16:15,0.41983289,0.093171548,0.75
14-09-2015 16:30,0.170152069,0.061630273,0.75
14-09-2015 16:45,0.070126147,0.053513963,0.75
14-09-2015 17:00,0.044142391,0.054670775,0.75
14-09-2015 17:15,0.039650799,0.057546972,0.75
14-09-2015 17:30,0.038418007,0.065552798,0.75
14-09-2015 17:45,0.03714177,0.081436156,0.75
14-09-2015 18:00,0.035186201,0.09731934,0.75
14-09-2015 18:15,0.032422359,0.100236721,0.75
14-09-2015 18:30,0.029995073,0.085268684,0.75
14-09-2015 18:45,0.029809723,0.061108845,0.75
14-09-2015 19:00,0.033438673,0.041025013,0.75
14-09-2015 19:15,0.042347336,0.030772128,0.75
14-09-2015 19:30,0.057910064,0.027955696,0.75
14-09-2015 19:45,0.079472438,0.028372548,0.75
14-09-2015 20:00,0.104073953,0.029317491,0.75
14-09-2015 20:15,0.127956055,0.029927781,0.75
14-09-2015 20:30,0.146064505,0.030842752,0.75
14-09-2015 20:45,0.153102555,0.032829937,0.75
14-09-2015 21:00,0.148297053,0.035645121,0.75
14-09-2015 21:15,0.136707368,0.038542999,0.75
14-09-2015 21:30,0.12446064,0.041357444,0.75
14-09-2015 21:45,0.114942369,0.044573828,0.75
14-09-2015 22:00,0.108195447,0.048285039,0.75
14-09-2015 22:15,0.10142839,0.051611418,0.75
14-09-2015 22:30,0.092599795,0.053561162,0.75
14-09-2015 22:45,0.083031892,0.054319488,0.75
14-09-2015 23:00,0.073867376,0.05626264,0.75
14-09-2015 23:15,0.064857953,0.064134935,0.75
14-09-2015 23:30,0.05737222,0.082044269,0.75
14-09-2015 23:45,0.052726358,0.108622406,0.75
15-09-2015 00:00,0.049939871,0.137649567,0.75
15-09-2015 00:15,3.943373517,2.036362894,0.75
15-09-2015 00:30,4.549260434,1.953345091,0.75
15-09-2015 00:45,4.944878326,1.721077546,0.75
15-09-2015 01:00,4.968672986,1.361548791,0.75
15-09-2015 01:15,4.781576327,1.000140702,0.75
15-09-2015 01:30,4.611610269,0.733139418,0.75
15-09-2015 01:45,4.467404031,0.54959697,0.75
15-09-2015 02:00,4.304765919,0.410597118,0.75
15-09-2015 02:15,4.099594119,0.316375908,0.75
15-09-2015 02:30,3.768618892,0.283972153,0.75
15-09-2015 02:45,3.261828184,0.303588986,0.75
15-09-2015 03:00,2.609838797,0.334969848,0.75
15-09-2015 03:15,1.90621693,0.340716654,0.75
15-09-2015 03:30,1.301926304,0.308170208,0.75
15-09-2015 03:45,0.870119149,0.243149007,0.75
15-09-2015 04:00,0.55688626,0.164075745,0.75
15-09-2015 04:15,0.319830174,0.096354861,0.75
15-09-2015 04:30,0.168597634,0.054687996,0.75
15-09-2015 04:45,0.097488567,0.03559329,0.75
15-09-2015 05:00,0.074155293,0.028819548,0.75
15-09-2015 05:15,0.068996871,0.027794256,0.75
15-09-2015 05:30,0.06712875,0.030666667,0.75
15-09-2015 05:45,0.065141765,0.038357534,0.75
15-09-2015 06:00,0.06477435,0.053517283,0.75
15-09-2015 06:15,0.070914905,0.0796114,0.75
15-09-2015 06:30,0.092027945,0.118764794,0.75
15-09-2015 06:45,0.127872751,0.162763127,0.75
15-09-2015 07:00,0.156779499,0.184945277,0.75
15-09-2015 07:15,0.156398498,0.162873329,0.75
15-09-2015 07:30,0.132417153,0.110836082,0.75
15-09-2015 07:45,0.107344323,0.063898107,0.75
15-09-2015 08:00,0.094387446,0.03919006,0.75
15-09-2015 08:15,0.093174682,0.031734782,0.75
15-09-2015 08:30,0.098159857,0.032156855,0.75
15-09-2015 08:45,0.106323508,0.035156309,0.75
15-09-2015 09:00,0.119877659,0.038578022,0.75
15-09-2015 09:15,0.138043245,0.041742381,0.75
15-09-2015 09:30,0.149467359,0.044775067,0.75
15-09-2015 09:45,0.145694441,0.048065765,0.75
15-09-2015 10:00,0.133861678,0.051537545,0.75
15-09-2015 10:15,0.122995863,0.054458909,0.75
15-09-2015 10:30,0.112877143,0.056290578,0.75
15-09-2015 10:45,0.101754364,0.057664272,0.75
15-09-2015 11:00,0.089873451,0.061128653,0.75
15-09-2015 11:15,0.076817275,0.071395901,0.75
15-09-2015 11:30,0.063413731,0.092453298,0.75
15-09-2015 11:45,0.052267389,0.12244641,0.75
15-09-2015 12:00,0.044606677,0.154384938,0.75
15-09-2015 12:15,3.944590215,1.985211055,0.75
15-09-2015 12:30,4.55399992,1.958546977,0.75
15-09-2015 12:45,4.932526918,1.763564231,0.75
15-09-2015 13:00,4.896668356,1.383529569,0.75
15-09-2015 13:15,4.627108352,0.952396564,0.75
15-09-2015 13:30,4.418964848,0.628611128,0.75
15-09-2015 13:45,4.300537454,0.452206626,0.75
15-09-2015 14:00,4.180347375,0.378295899,0.75
15-09-2015 14:15,3.999455716,0.350123121,0.75
15-09-2015 14:30,3.658333579,0.326782635,0.75
15-09-2015 14:45,3.132727507,0.301398067,0.75
15-09-2015 15:00,2.590992749,0.294231533,0.75
15-09-2015 15:15,2.182316558,0.307742317,0.75
15-09-2015 15:30,1.83908984,0.306924209,0.75
15-09-2015 15:45,1.406745168,0.259205497,0.75
15-09-2015 16:00,0.886975133,0.176033675,0.75
15-09-2015 16:15,0.44116942,0.099654528,0.75
15-09-2015 16:30,0.180960804,0.058183961,0.75
15-09-2015 16:45,0.075612589,0.048472783,0.75
15-09-2015 17:00,0.044437275,0.053114404,0.75
15-09-2015 17:15,0.03734632,0.058458586,0.75
15-09-2015 17:30,0.036421693,0.062516518,0.75
15-09-2015 17:45,0.036731384,0.07118772,0.75
15-09-2015 18:00,0.037800545,0.084055811,0.75
15-09-2015 18:15,0.040646388,0.089487993,0.75
15-09-2015 18:30,0.045290343,0.078827502,0.75
15-09-2015 18:45,0.051542473,0.058172104,0.75
15-09-2015 19:00,0.059987903,0.040242324,0.75
15-09-2015 19:15,0.069527184,0.030868897,0.75
15-09-2015 19:30,0.077239541,0.027855386,0.75
15-09-2015 19:45,0.082279786,0.027355242,0.75
15-09-2015 20:00,0.086862269,0.02742866,0.75
15-09-2015 20:15,0.092821732,0.027957386,0.75
15-09-2015 20:30,0.099123047,0.029526339,0.75
15-09-2015 20:45,0.103165647,0.032340007,0.75
15-09-2015 21:00,0.103605775,0.035831475,0.75
15-09-2015 21:15,0.101335951,0.039308438,0.75
15-09-2015 21:30,0.098140319,0.042782869,0.75
15-09-2015 21:45,0.095239471,0.046710321,0.75
15-09-2015 22:00,0.092931718,0.050886154,0.75
15-09-2015 22:15,0.090004069,0.054333107,0.75
15-09-2015 22:30,0.084323951,0.056550523,0.75
15-09-2015 22:45,0.07635823,0.058482025,0.75
15-09-2015 23:00,0.071768991,0.062728097,0.75
15-09-2015 23:15,0.077926144,0.073058635,0.75
15-09-2015 23:30,0.094114835,0.091989094,0.75
15-09-2015 23:45,0.108635162,0.117676815,0.75
16-09-2015 00:00,0.111410089,0.144845508,0.75
16-09-2015 00:15,4.578932033,2.069788315,0.75
16-09-2015 00:30,5.249834528,2.02662769,0.75
16-09-2015 00:45,5.641586104,1.827061184,0.75
16-09-2015 01:00,5.587776703,1.467847223,0.75
16-09-2015 01:15,5.27129642,1.055425483,0.75
16-09-2015 01:30,5.006749958,0.719814036,0.75
16-09-2015 01:45,4.883592214,0.521774904,0.75
16-09-2015 02:00,4.787468796,0.438431794,0.75
16-09-2015 02:15,4.555759595,0.403099943,0.75
16-09-2015 02:30,4.071236125,0.380575603,0.75
16-09-2015 02:45,3.353200286,0.377909433,0.75
16-09-2015 03:00,2.58278856,0.385774496,0.75
16-09-2015 03:15,1.967082654,0.376610481,0.75
16-09-2015 03:30,1.539383137,0.33767648,0.75
16-09-2015 03:45,1.170753617,0.267829625,0.75
16-09-2015 04:00,0.787564635,0.181588664,0.75
16-09-2015 04:15,0.44995314,0.113312796,0.75
16-09-2015 04:30,0.226328407,0.083038585,0.75
16-09-2015 04:45,0.113802797,0.076321683,0.75
16-09-2015 05:00,0.072234343,0.070183735,0.75
16-09-2015 05:15,0.070833521,0.05952763,0.75
16-09-2015 05:30,0.096910588,0.053427757,0.75
16-09-2015 05:45,0.136692584,0.059713071,0.75
16-09-2015 06:00,0.164126404,0.075586746,0.75
16-09-2015 06:15,0.161425445,0.086859097,0.75
16-09-2015 06:30,0.137381552,0.080830659,0.75
16-09-2015 06:45,0.110932403,0.061281223,0.75
16-09-2015 07:00,0.091310903,0.04244076,0.75
16-09-2015 07:15,0.080146351,0.032126681,0.75
16-09-2015 07:30,0.077888208,0.028586336,0.75
16-09-2015 07:45,0.083845821,0.027951141,0.75
16-09-2015 08:00,0.095791758,0.028615639,0.75
16-09-2015 08:15,0.111366179,0.030705585,0.75
16-09-2015 08:30,0.127139273,0.034204363,0.75
16-09-2015 08:45,0.137261281,0.037974661,0.75
16-09-2015 09:00,0.138362914,0.040818781,0.75
16-09-2015 09:15,0.134118489,0.042957944,0.75
16-09-2015 09:30,0.131003266,0.045436518,0.75
16-09-2015 09:45,0.131596967,0.048594847,0.75
16-09-2015 10:00,0.131848877,0.05178187,0.75
16-09-2015 10:15,0.124079406,0.054233379,0.75
16-09-2015 10:30,0.105842439,0.055834078,0.75
16-09-2015 10:45,0.083955313,0.057159571,0.75
16-09-2015 11:00,0.066339024,0.059769136,0.75
16-09-2015 11:15,0.054845866,0.066970458,0.75
16-09-2015 11:30,0.047709824,0.082337041,0.75
16-09-2015 11:45,0.043064257,0.105513787,0.75
16-09-2015 12:00,0.039594962,0.131586346,0.75
16-09-2015 12:15,4.712397523,2.006721787,0.75
16-09-2015 12:30,5.46317406,1.94540169,0.75
16-09-2015 12:45,5.94693776,1.742468449,0.75
16-09-2015 13:00,5.965035892,1.403324315,0.75
16-09-2015 13:15,5.653264893,1.026446644,0.75
16-09-2015 13:30,5.285165915,0.722183224,0.75
16-09-2015 13:45,4.971125192,0.54033923,0.75
16-09-2015 14:00,4.688760595,0.463864375,0.75
16-09-2015 14:15,4.360651903,0.431565725,0.75
16-09-2015 14:30,3.879606102,0.393718732,0.75
16-09-2015 14:45,3.217395318,0.342935031,0.75
16-09-2015 15:00,2.490131901,0.285262647,0.75
16-09-2015 15:15,1.847660375,0.221504513,0.75
16-09-2015 15:30,1.332848321,0.156947521,0.75
16-09-2015 15:45,0.903158109,0.101505435,0.75
16-09-2015 16:00,0.549888455,0.062666507,0.75
16-09-2015 16:15,0.309451707,0.041472573,0.75
16-09-2015 16:30,0.184443055,0.032768459,0.75
16-09-2015 16:45,0.129981872,0.030419682,0.75
16-09-2015 17:00,0.102488786,0.031549279,0.75
16-09-2015 17:15,0.083544031,0.037154155,0.75
16-09-2015 17:30,0.069751934,0.050112892,0.75
16-09-2015 17:45,0.061869727,0.070066141,0.75
16-09-2015 18:00,0.060891648,0.088758163,0.75
16-09-2015 18:15,0.065210439,0.09389561,0.75
16-09-2015 18:30,0.07098047,0.081194917,0.75
16-09-2015 18:45,0.075180037,0.059818232,0.75
16-09-2015 19:00,0.078058575,0.042597484,0.75
16-09-2015 19:15,0.083234329,0.034832231,0.75
16-09-2015 19:30,0.092112727,0.034514061,0.75
16-09-2015 19:45,0.099973606,0.038128348,0.75
16-09-2015 20:00,0.102670055,0.043539642,0.75
16-09-2015 20:15,0.10143059,0.0490329,0.75
16-09-2015 20:30,0.09806274,0.051915888,0.75
16-09-2015 20:45,0.092948224,0.050593115,0.75
16-09-2015 21:00,0.087575765,0.047096013,0.75
16-09-2015 21:15,0.085323679,0.044888271,0.75
16-09-2015 21:30,0.089848273,0.04550457,0.75
16-09-2015 21:45,0.100779679,0.04836519,0.75
16-09-2015 22:00,0.11268164,0.051981056,0.75
16-09-2015 22:15,0.12040597,0.054986746,0.75
16-09-2015 22:30,0.122364855,0.056942846,0.75
16-09-2015 22:45,0.118661695,0.05824207,0.75
16-09-2015 23:00,0.109998654,0.059519309,0.75
16-09-2015 23:15,0.098838485,0.061352566,0.75
16-09-2015 23:30,0.08871061,0.063726735,0.75
16-09-2015 23:45,0.081512891,0.065646526,0.75
17-09-2015 00:00,0.076980581,0.066148229,0.75
17-09-2015 00:15,4.745801676,3.044069139,0.75
17-09-2015 00:30,5.433381134,3.156010025,0.75
17-09-2015 00:45,5.84816706,3.057954295,0.75
17-09-2015 01:00,5.809278081,2.67529239,0.75
17-09-2015 01:15,5.486271397,2.119886436,0.75
17-09-2015 01:30,5.174930526,1.575903407,0.75
17-09-2015 01:45,4.937908002,1.140233914,0.75
17-09-2015 02:00,4.661592264,0.834177879,0.75
17-09-2015 02:15,4.262236517,0.645940226,0.75
17-09-2015 02:30,3.740421668,0.542348784,0.75
17-09-2015 02:45,3.144116647,0.488443177,0.75
17-09-2015 03:00,2.533975678,0.455528423,0.75
17-09-2015 03:15,1.979440114,0.419810141,0.75
17-09-2015 03:30,1.520502846,0.363887403,0.75
17-09-2015 03:45,1.126230647,0.283766062,0.75
17-09-2015 04:00,0.762343429,0.198424808,0.75
17-09-2015 04:15,0.458482241,0.138757737,0.75
17-09-2015 04:30,0.259020151,0.116893789,0.75
17-09-2015 04:45,0.16218268,0.114625987,0.75
17-09-2015 05:00,0.130473167,0.107351437,0.75
17-09-2015 05:15,0.125830092,0.092703448,0.75
17-09-2015 05:30,0.12836808,0.089148192,0.75
17-09-2015 05:45,0.135616833,0.111301812,0.75
17-09-2015 06:00,0.147442027,0.150672388,0.75
17-09-2015 06:15,0.156411955,0.178223093,0.75
17-09-2015 06:30,0.15541531,0.170644174,0.75
17-09-2015 06:45,0.145088772,0.133447889,0.75
17-09-2015 07:00,0.131088243,0.091755179,0.75
17-09-2015 07:15,0.119132353,0.065366121,0.75
17-09-2015 07:30,0.110345916,0.056625999,0.75
17-09-2015 07:45,0.102103512,0.055733185,0.75
17-09-2015 08:00,0.094966852,0.053823801,0.75
17-09-2015 08:15,0.09303211,0.049814155,0.75
17-09-2015 08:30,0.09699003,0.046299105,0.75
17-09-2015 08:45,0.102399913,0.044174239,0.75
17-09-2015 09:00,0.105626468,0.042901425,0.75
17-09-2015 09:15,0.106976963,0.042660919,0.75
17-09-2015 09:30,0.107539578,0.044524075,0.75
17-09-2015 09:45,0.107599117,0.049149111,0.75
17-09-2015 10:00,0.107361738,0.055248052,0.75
17-09-2015 10:15,0.106154301,0.059733166,0.75
17-09-2015 10:30,0.103124644,0.060623526,0.75
17-09-2015 10:45,0.099580213,0.059091459,0.75
17-09-2015 11:00,0.098216234,0.057794625,0.75
17-09-2015 11:15,0.099792111,0.058492579,0.75
17-09-2015 11:30,0.101738303,0.061362497,0.75
17-09-2015 11:45,0.101384398,0.065370976,0.75
17-09-2015 12:00,0.099087718,0.069262501,0.75
14-09-2015 00:15,3.994543932,1.810832236,0.8
14-09-2015 00:30,4.588952496,1.656111639,0.8
14-09-2015 00:45,5.024830422,1.409073232,0.8
14-09-2015 01:00,5.14199241,1.109092703,0.8
14-09-2015 01:15,5.054122735,0.845882338,0.8
14-09-2015 01:30,4.924976862,0.665444449,0.8
14-09-2015 01:45,4.737000037,0.538344416,0.8
14-09-2015 02:00,4.504759906,0.434028487,0.8
14-09-2015 02:15,4.313701107,0.362038707,0.8
14-09-2015 02:30,4.131778264,0.341779937,0.8
14-09-2015 02:45,3.832074439,0.364292021,0.8
14-09-2015 03:00,3.271126911,0.385309043,0.8
14-09-2015 03:15,2.417637523,0.361412666,0.8
14-09-2015 03:30,1.498578999,0.289277765,0.8
14-09-2015 03:45,0.809249968,0.198788926,0.8
14-09-2015 04:00,0.422497754,0.121667171,0.8
14-09-2015 04:15,0.234187192,0.074236784,0.8
14-09-2015 04:30,0.145012923,0.055773784,0.8
14-09-2015 04:45,0.107987265,0.055126537,0.8
14-09-2015 05:00,0.09520057,0.059167505,0.8
14-09-2015 05:15,0.086540461,0.060951692,0.8
14-09-2015 05:30,0.074948164,0.062521073,0.8
14-09-2015 05:45,0.06207058,0.068227677,0.8
14-09-2015 06:00,0.050694362,0.077091098,0.8
14-09-2015 06:15,0.043074577,0.081106656,0.8
14-09-2015 06:30,0.041316363,0.072741928,0.8
14-09-2015 06:45,0.045993582,0.05528986,0.8
14-09-2015 07:00,0.054764016,0.03934729,0.8
14-09-2015 07:15,0.064019242,0.030640019,0.8
14-09-2015 07:30,0.071729722,0.027589837,0.8
14-09-2015 07:45,0.077936309,0.026994701,0.8
14-09-2015 08:00,0.084193563,0.027358777,0.8
14-09-2015 08:15,0.092273595,0.028582956,0.8
14-09-2015 08:30,0.101131052,0.030842913,0.8
14-09-2015 08:45,0.106079736,0.033854923,0.8
14-09-2015 09:00,0.103498219,0.036959807,0.8
14-09-2015 09:15,0.09469808,0.039657466,0.8
14-09-2015 09:30,0.0835167,0.041906548,0.8
14-09-2015 09:45,0.073842426,0.044170917,0.8
14-09-2015 10:00,0.068364474,0.04697995,0.8
14-09-2015 10:15,0.06654354,0.050287943,0.8
14-09-2015 10:30,0.067298281,0.053707135,0.8
14-09-2015 10:45,0.071181554,0.057672602,0.8
14-09-2015 11:00,0.075984646,0.064765007,0.8
14-09-2015 11:15,0.077448822,0.079536838,0.8
14-09-2015 11:30,0.075995617,0.104473645,0.8
14-09-2015 11:45,0.075711005,0.135668967,0.8
14-09-2015 12:00,0.07830753,0.165744024,0.8
14-09-2015 12:15,4.403737046,2.070513081,0.8
14-09-2015 12:30,5.113248226,2.022492829,0.8
14-09-2015 12:45,5.536471302,1.834058944,0.8
14-09-2015 13:00,5.44706164,1.49549777,0.8
14-09-2015 13:15,5.072371647,1.105799817,0.8
14-09-2015 13:30,4.787921438,0.774793077,0.8
14-09-2015 13:45,4.636967198,0.533557743,0.8
14-09-2015 14:00,4.489406693,0.374994367,0.8
14-09-2015 14:15,4.270817136,0.296260826,0.8
14-09-2015 14:30,3.922929605,0.284317071,0.8
14-09-2015 14:45,3.447995579,0.309444814,0.8
14-09-2015 15:00,2.915000164,0.339363662,0.8
14-09-2015 15:15,2.383369699,0.345878922,0.8
14-09-2015 15:30,1.882886491,0.311491854,0.8
14-09-2015 15:45,1.387227579,0.241142922,0.8
14-09-2015 16:00,0.875798605,0.15989494,0.8
14-09-2015 16:15,0.439189641,0.095949967,0.8
14-09-2015 16:30,0.176876193,0.062660912,0.8
14-09-2015 16:45,0.071825636,0.053911862,0.8
14-09-2015 17:00,0.044531515,0.054928519,0.8
14-09-2015 17:15,0.039815169,0.057794003,0.8
14-09-2015 17:30,0.038560653,0.065841874,0.8
14-09-2015 17:45,0.037293505,0.081824829,0.8
14-09-2015 18:00,0.035345705,0.097815159,0.8
14-09-2015 18:15,0.032572473,0.100757486,0.8
14-09-2015 18:30,0.030118878,0.085694639,0.8
14-09-2015 18:45,0.029907784,0.061380578,0.8
14-09-2015 19:00,0.033533384,0.041172554,0.8
14-09-2015 19:15,0.042478388,0.030863108,0.8
14-09-2015 19:30,0.058127394,0.028041722,0.8
14-09-2015 19:45,0.079826214,0.02847836,0.8
14-09-2015 20:00,0.104605417,0.029449671,0.8
14-09-2015 20:15,0.128685523,0.030085443,0.8
14-09-2015 20:30,0.146962156,0.031024241,0.8
14-09-2015 20:45,0.154072976,0.033032158,0.8
14-09-2015 21:00,0.149223376,0.035861255,0.8
14-09-2015 21:15,0.13752262,0.038766018,0.8
14-09-2015 21:30,0.125163275,0.041585128,0.8
14-09-2015 21:45,0.1155679,0.044811266,0.8
14-09-2015 22:00,0.108778349,0.048538167,0.8
14-09-2015 22:15,0.101972248,0.051876202,0.8
14-09-2015 22:30,0.093084959,0.053824639,0.8
14-09-2015 22:45,0.083449639,0.054573912,0.8
14-09-2015 23:00,0.074223676,0.056521618,0.8
14-09-2015 23:15,0.065163666,0.064453427,0.8
14-09-2015 23:30,0.057650678,0.082521292,0.8
14-09-2015 23:45,0.053006656,0.10935321,0.8
15-09-2015 00:00,0.050236624,0.138671072,0.8
15-09-2015 00:15,4.268358484,2.194848962,0.8
15-09-2015 00:30,4.934797557,2.112109886,0.8
15-09-2015 00:45,5.364592977,1.865000835,0.8
15-09-2015 01:00,5.378688464,1.475150163,0.8
15-09-2015 01:15,5.159101094,1.08059333,0.8
15-09-2015 01:30,4.96185986,0.789241447,0.8
15-09-2015 01:45,4.796701294,0.590018317,0.8
15-09-2015 02:00,4.613169863,0.439709768,0.8
15-09-2015 02:15,4.385471017,0.337709053,0.8
15-09-2015 02:30,4.02384595,0.301763122,0.8
15-09-2015 02:45,3.475236339,0.320970733,0.8
15-09-2015 03:00,2.772818293,0.35214477,0.8
15-09-2015 03:15,2.015943529,0.355921157,0.8
15-09-2015 03:30,1.366842395,0.320068793,0.8
15-09-2015 03:45,0.90580209,0.251457321,0.8
15-09-2015 04:00,0.575683111,0.169060935,0.8
15-09-2015 04:15,0.328555209,0.098759962,0.8
15-09-2015 04:30,0.17185364,0.055599646,0.8
15-09-2015 04:45,0.098505155,0.035895344,0.8
15-09-2015 05:00,0.07453135,0.02894694,0.8
15-09-2015 05:15,0.069247024,0.027889742,0.8
15-09-2015 05:30,0.067361642,0.030774298,0.8
15-09-2015 05:45,0.065387002,0.038520905,0.8
15-09-2015 06:00,0.065105556,0.053847744,0.8
15-09-2015 06:15,0.071550354,0.080382755,0.8
15-09-2015 06:30,0.093363103,0.120424328,0.8
15-09-2015 06:45,0.130160924,0.165555593,0.8
15-09-2015 07:00,0.159618734,0.188337115,0.8
15-09-2015 07:15,0.158896565,0.165765537,0.8
15-09-2015 07:30,0.134028961,0.112571021,0.8
15-09-2015 07:45,0.108203742,0.064663363,0.8
15-09-2015 08:00,0.094888818,0.039486079,0.8
15-09-2015 08:15,0.093596496,0.031893791,0.8
15-09-2015 08:30,0.098626289,0.032305293,0.8
15-09-2015 08:45,0.10690255,0.03532887,0.8
15-09-2015 09:00,0.120658909,0.038787276,0.8
15-09-2015 09:15,0.139087235,0.041994476,0.8
15-09-2015 09:30,0.150666729,0.045061511,0.8
15-09-2015 09:45,0.146830108,0.048370031,0.8
15-09-2015 10:00,0.134818993,0.051851362,0.8
15-09-2015 10:15,0.123798635,0.054779037,0.8
15-09-2015 10:30,0.113558313,0.056607829,0.8
15-09-2015 10:45,0.102323666,0.057973148,0.8
15-09-2015 11:00,0.090344758,0.061447669,0.8
15-09-2015 11:15,0.077205824,0.071788853,0.8
15-09-2015 11:30,0.063737247,0.093029808,0.8
15-09-2015 11:45,0.052551828,0.123311021,0.8
15-09-2015 12:00,0.044875789,0.155576327,0.8
15-09-2015 12:15,4.269124625,2.140923718,0.8
15-09-2015 12:30,4.941037221,2.120176974,0.8
15-09-2015 12:45,5.352731377,1.913982315,0.8
15-09-2015 13:00,5.299847354,1.501557658,0.8
15-09-2015 13:15,4.986804257,1.030542571,0.8
15-09-2015 13:30,4.745407409,0.676858119,0.8
15-09-2015 13:45,4.609326304,0.484984025,0.8
15-09-2015 14:00,4.474674829,0.40487541,0.8
15-09-2015 14:15,4.275550914,0.374260318,0.8
15-09-2015 14:30,3.901947461,0.348566052,0.8
15-09-2015 14:45,3.328569634,0.320243878,0.8
15-09-2015 15:00,2.738921872,0.311022595,0.8
15-09-2015 15:15,2.297613882,0.324093929,0.8
15-09-2015 15:30,1.933119837,0.322668946,0.8
15-09-2015 15:45,1.478345576,0.272183583,0.8
15-09-2015 16:00,0.93158521,0.184374346,0.8
15-09-2015 16:15,0.462096799,0.103637354,0.8
15-09-2015 16:30,0.188075308,0.059599834,0.8
15-09-2015 16:45,0.077380586,0.048922311,0.8
15-09-2015 17:00,0.044823716,0.053351082,0.8
15-09-2015 17:15,0.037492054,0.058684045,0.8
15-09-2015 17:30,0.036542914,0.062765909,0.8
15-09-2015 17:45,0.036863752,0.071501656,0.8
15-09-2015 18:00,0.03795635,0.084468329,0.8
15-09-2015 18:15,0.040825939,0.089952815,0.8
15-09-2015 18:30,0.045481147,0.079234578,0.8
15-09-2015 18:45,0.051737243,0.058450685,0.8
15-09-2015 19:00,0.06020007,0.040410326,0.8
15-09-2015 19:15,0.069774483,0.030983771,0.8
15-09-2015 19:30,0.077522895,0.027956958,0.8
15-09-2015 19:45,0.082591379,0.027457523,0.8
15-09-2015 20:00,0.087205284,0.027535263,0.8
15-09-2015 20:15,0.093210002,0.028072351,0.8
15-09-2015 20:30,0.099563006,0.029655814,0.8
15-09-2015 20:45,0.103645123,0.032489068,0.8
15-09-2015 21:00,0.104098803,0.036000394,0.8
15-09-2015 21:15,0.10182149,0.039494898,0.8
15-09-2015 21:30,0.098609951,0.042986302,0.8
15-09-2015 21:45,0.095697186,0.046934495,0.8
15-09-2015 22:00,0.093384027,0.051133498,0.8
15-09-2015 22:15,0.090446326,0.054597571,0.8
15-09-2015 22:30,0.084735696,0.056819298,0.8
15-09-2015 22:45,0.076732333,0.0587513,0.8
15-09-2015 23:00,0.072164839,0.06302899,0.8
15-09-2015 23:15,0.078482369,0.073475589,0.8
15-09-2015 23:30,0.094949071,0.092634426,0.8
15-09-2015 23:45,0.109713977,0.11862097,0.8
16-09-2015 00:00,0.112573641,0.146080461,0.8
16-09-2015 00:15,4.973251053,2.238760799,0.8
16-09-2015 00:30,5.713150115,2.199472817,0.8
16-09-2015 00:45,6.138504264,1.986807013,0.8
16-09-2015 01:00,6.064630165,1.595746411,0.8
16-09-2015 01:15,5.698584012,1.144500889,0.8
16-09-2015 01:30,5.392657048,0.777580551,0.8
16-09-2015 01:45,5.249893902,0.561944472,0.8
16-09-2015 02:00,5.141162832,0.471376188,0.8
16-09-2015 02:15,4.886040191,0.432565601,0.8
16-09-2015 02:30,4.356080907,0.406634341,0.8
16-09-2015 02:45,3.573737306,0.401096564,0.8
16-09-2015 03:00,2.737982184,0.406915833,0.8
16-09-2015 03:15,2.072397696,0.395440348,0.8
16-09-2015 03:30,1.612778723,0.353402342,0.8
16-09-2015 03:45,1.220948991,0.279532942,0.8
16-09-2015 04:00,0.817325157,0.188777203,0.8
16-09-2015 04:15,0.46392722,0.116775725,0.8
16-09-2015 04:30,0.231452772,0.084445693,0.8
16-09-2015 04:45,0.115371004,0.076961758,0.8
16-09-2015 05:00,0.072781691,0.070582214,0.8
16-09-2015 05:15,0.071282131,0.059825624,0.8
16-09-2015 05:30,0.0976676,0.053730098,0.8
16-09-2015 05:45,0.137945518,0.060155467,0.8
16-09-2015 06:00,0.165727019,0.0762415,0.8
16-09-2015 06:15,0.162957807,0.087631607,0.8
16-09-2015 06:30,0.138532687,0.081511865,0.8
16-09-2015 06:45,0.111676936,0.061735223,0.8
16-09-2015 07:00,0.091780769,0.042690716,0.8
16-09-2015 07:15,0.08047923,0.032268712,0.8
16-09-2015 07:30,0.078186099,0.02869386,0.8
16-09-2015 07:45,0.084182186,0.028058592,0.8
16-09-2015 08:00,0.096222666,0.028739519,0.8
16-09-2015 08:15,0.111940124,0.030860448,0.8
16-09-2015 08:30,0.127873251,0.034400273,0.8
16-09-2015 08:45,0.138102822,0.038206195,0.8
16-09-2015 09:00,0.139215563,0.041068065,0.8
16-09-2015 09:15,0.134925491,0.043214127,0.8
16-09-2015 09:30,0.131783885,0.045705611,0.8
16-09-2015 09:45,0.13240046,0.048888179,0.8
16-09-2015 10:00,0.132682194,0.05209875,0.8
16-09-2015 10:15,0.124867453,0.054553941,0.8
16-09-2015 10:30,0.106482123,0.05613342,0.8
16-09-2015 10:45,0.08441078,0.057429816,0.8
16-09-2015 11:00,0.066653281,0.060029745,0.8
16-09-2015 11:15,0.055082136,0.067274715,0.8
16-09-2015 11:30,0.047914893,0.082770756,0.8
16-09-2015 11:45,0.043264699,0.106160381,0.8
16-09-2015 12:00,0.039801091,0.132481771,0.8
16-09-2015 12:15,5.120963156,2.169982035,0.8
16-09-2015 12:30,5.949751831,2.111173629,0.8
16-09-2015 12:45,6.477319939,1.895322296,0.8
16-09-2015 13:00,6.483224157,1.526662451,0.8
16-09-2015 13:15,6.122127796,1.114260305,0.8
16-09-2015 13:30,5.702003783,0.781152364,0.8
16-09-2015 13:45,5.347513492,0.582287657,0.8
16-09-2015 14:00,5.033170401,0.498398142,0.8
16-09-2015 14:15,4.67197835,0.462536099,0.8
16-09-2015 14:30,4.144749206,0.420433853,0.8
16-09-2015 14:45,3.422636641,0.364250728,0.8
16-09-2015 15:00,2.632565695,0.30104182,0.8
16-09-2015 15:15,1.938652279,0.232267697,0.8
16-09-2015 15:30,1.388646988,0.163605479,0.8
16-09-2015 15:45,0.935488616,0.105134777,0.8
16-09-2015 16:00,0.566477119,0.064369934,0.8
16-09-2015 16:15,0.316549028,0.042171308,0.8
16-09-2015 16:30,0.187087653,0.033065749,0.8
16-09-2015 16:45,0.131039555,0.030592324,0.8
16-09-2015 17:00,0.103053524,0.031691712,0.8
16-09-2015 17:15,0.083921486,0.037311483,0.8
16-09-2015 17:30,0.070047535,0.050342549,0.8
16-09-2015 17:45,0.062154561,0.070432434,0.8
16-09-2015 18:00,0.061213195,0.089271711,0.8
16-09-2015 18:15,0.065572247,0.094464375,0.8
16-09-2015 18:30,0.071349879,0.081678508,0.8
16-09-2015 18:45,0.075528846,0.06014507,0.8
16-09-2015 19:00,0.078394634,0.042799603,0.8
16-09-2015 19:15,0.083603863,0.034983693,0.8
16-09-2015 19:30,0.092561476,0.034671228,0.8
16-09-2015 19:45,0.100496837,0.038316348,0.8
16-09-2015 20:00,0.103223775,0.043765762,0.8
16-09-2015 20:15,0.101982554,0.049295054,0.8
16-09-2015 20:30,0.098591154,0.052192523,0.8
16-09-2015 20:45,0.09342971,0.050850498,0.8
16-09-2015 21:00,0.088002892,0.047318132,0.8
16-09-2015 21:15,0.08572553,0.045090003,0.8
16-09-2015 21:30,0.090286423,0.04571655,0.8
16-09-2015 21:45,0.101312411,0.048613127,0.8
16-09-2015 22:00,0.113321288,0.052272151,0.8
16-09-2015 22:15,0.121118511,0.055310572,0.8
16-09-2015 22:30,0.123100043,0.057283228,0.8
16-09-2015 22:45,0.119369105,0.058585105,0.8
16-09-2015 23:00,0.110634116,0.059855897,0.8
16-09-2015 23:15,0.099381588,0.061682149,0.8
16-09-2015 23:30,0.089172963,0.064055148,0.8
16-09-2015 23:45,0.08192068,0.065975899,0.8
17-09-2015 00:00,0.077354206,0.066473088,0.8
17-09-2015 00:15,5.178519842,3.312308567,0.8
17-09-2015 00:30,5.942355062,3.44550833,0.8
17-09-2015 00:45,6.397479775,3.343976632,0.8
17-09-2015 01:00,6.341305359,2.923509746,0.8
17-09-2015 01:15,5.964427187,2.309686324,0.8
17-09-2015 01:30,5.602700191,1.710565161,0.8
17-09-2015 01:45,5.327640247,1.233201891,0.8
17-09-2015 02:00,5.014575581,0.899007181,0.8
17-09-2015 02:15,4.570511116,0.69326473,0.8
17-09-2015 02:30,3.995681501,0.579092636,0.8
17-09-2015 02:45,3.344251427,0.518494464,0.8
17-09-2015 03:00,2.681994562,0.480591617,0.8
17-09-2015 03:15,2.083196254,0.440391647,0.8
17-09-2015 03:30,1.590714129,0.379949572,0.8
17-09-2015 03:45,1.171792585,0.295082735,0.8
17-09-2015 04:00,0.788859053,0.205199999,0.8
17-09-2015 04:15,0.471397119,0.142199085,0.8
17-09-2015 04:30,0.264289548,0.118640297,0.8
17-09-2015 04:45,0.164269825,0.115777272,0.8
17-09-2015 05:00,0.131599248,0.10827163,0.8
17-09-2015 05:15,0.126752859,0.093463396,0.8
17-09-2015 05:30,0.129332683,0.089952161,0.8
17-09-2015 05:45,0.136819915,0.112537284,0.8
17-09-2015 06:00,0.149014715,0.152594371,0.8
17-09-2015 06:15,0.158239486,0.180593276,0.8
17-09-2015 06:30,0.157182895,0.172845442,0.8
17-09-2015 06:45,0.146536983,0.135019964,0.8
17-09-2015 07:00,0.13216093,0.092677788,0.8
17-09-2015 07:15,0.119931562,0.065885867,0.8
17-09-2015 07:30,0.110997319,0.056985927,0.8
17-09-2015 07:45,0.102665654,0.056046807,0.8
17-09-2015 08:00,0.095458991,0.054105199,0.8
17-09-2015 08:15,0.093495866,0.050061247,0.8
17-09-2015 08:30,0.097476965,0.046525933,0.8
17-09-2015 08:45,0.102924317,0.044393774,0.8
17-09-2015 09:00,0.106169445,0.043116801,0.8
17-09-2015 09:15,0.107524832,0.042876617,0.8
17-09-2015 09:30,0.108094979,0.044754126,0.8
17-09-2015 09:45,0.108171319,0.049413459,0.8
17-09-2015 10:00,0.107955941,0.055557505,0.8
17-09-2015 10:15,0.106755401,0.060073114,0.8
17-09-2015 10:30,0.103701925,0.060962359,0.8
17-09-2015 10:45,0.100121792,0.059409959,0.8
17-09-2015 11:00,0.098745589,0.0580994,0.8
17-09-2015 11:15,0.100342954,0.05880458,0.8
17-09-2015 11:30,0.102317179,0.061698751,0.8
17-09-2015 11:45,0.10196931,0.065735918,0.8
17-09-2015 12:00,0.099658723,0.069652161,0.8
14-09-2015 00:15,4.571581926,2.057498356,0.9
14-09-2015 00:30,5.269084855,1.889490106,0.9
14-09-2015 00:45,5.773906936,1.613082577,0.9
14-09-2015 01:00,5.897256452,1.270862333,0.9
14-09-2015 01:15,5.778174194,0.967299202,0.9
14-09-2015 01:30,5.614428121,0.758543983,0.9
14-09-2015 01:45,5.383649826,0.611622533,0.9
14-09-2015 02:00,5.102304476,0.491246814,0.9
14-09-2015 02:15,4.872677386,0.408283954,0.9
14-09-2015 02:30,4.660646516,0.384481717,0.9
14-09-2015 02:45,4.319531112,0.408612191,0.9
14-09-2015 03:00,3.681186905,0.429422781,0.9
14-09-2015 03:15,2.706591054,0.398095059,0.9
14-09-2015 03:30,1.659029936,0.313564881,0.9
14-09-2015 03:45,0.878586014,0.211681117,0.9
14-09-2015 04:00,0.447273481,0.12737034,0.9
14-09-2015 04:15,0.242537902,0.076502437,0.9
14-09-2015 04:30,0.148133029,0.056800987,0.9
14-09-2015 04:45,0.109546184,0.055891684,0.9
14-09-2015 05:00,0.096335874,0.059934139,0.9
14-09-2015 05:15,0.087482526,0.061683618,0.9
14-09-2015 05:30,0.075689238,0.063191533,0.9
14-09-2015 05:45,0.06262998,0.068911895,0.9
14-09-2015 06:00,0.051126225,0.077864995,0.9
14-09-2015 06:15,0.043429431,0.081922909,0.9
14-09-2015 06:30,0.041635809,0.073444257,0.9
14-09-2015 06:45,0.046319688,0.05577409,0.9
14-09-2015 07:00,0.055133989,0.039647081,0.9
14-09-2015 07:15,0.06445287,0.030850675,0.9
14-09-2015 07:30,0.072230164,0.027778237,0.9
14-09-2015 07:45,0.078505002,0.027187353,0.9
14-09-2015 08:00,0.08485073,0.027567168,0.9
14-09-2015 08:15,0.093066631,0.028821301,0.9
14-09-2015 08:30,0.102084692,0.031124236,0.9
14-09-2015 08:45,0.107132292,0.034178363,0.9
14-09-2015 09:00,0.104523114,0.037309043,0.9
14-09-2015 09:15,0.09559969,0.040013523,0.9
14-09-2015 09:30,0.084272793,0.042258447,0.9
14-09-2015 09:45,0.07448892,0.044522585,0.9
14-09-2015 10:00,0.068965274,0.047348024,0.9
14-09-2015 10:15,0.067144068,0.050687409,0.9
14-09-2015 10:30,0.067919874,0.054148787,0.9
14-09-2015 10:45,0.071856331,0.058182185,0.9
14-09-2015 11:00,0.076736423,0.065412139,0.9
14-09-2015 11:15,0.078274782,0.080476257,0.9
14-09-2015 11:30,0.076918496,0.105938082,0.9
14-09-2015 11:45,0.076794536,0.137846649,0.9
14-09-2015 12:00,0.079599697,0.16866668,0.9
14-09-2015 12:15,5.077958977,2.368193765,0.9
14-09-2015 12:30,5.920820524,2.326276703,0.9
14-09-2015 12:45,6.414395622,2.117141572,0.9
14-09-2015 13:00,6.287612412,1.725698803,0.9
14-09-2015 13:15,5.816027753,1.26998137,0.9
14-09-2015 13:30,5.456030371,0.884147993,0.9
14-09-2015 13:45,5.261797999,0.605552056,0.9
14-09-2015 14:00,5.078660702,0.423586029,0.9
14-09-2015 14:15,4.81783957,0.332948714,0.9
14-09-2015 14:30,4.411385754,0.3177964,0.9
14-09-2015 14:45,3.860037077,0.343683907,0.9
14-09-2015 15:00,3.245139005,0.37426214,0.9
14-09-2015 15:15,2.636171992,0.378855322,0.9
14-09-2015 15:30,2.07029156,0.339276584,0.9
14-09-2015 15:45,1.519269558,0.261251397,0.9
14-09-2015 16:00,0.956829569,0.17183986,0.9
14-09-2015 16:15,0.477888601,0.101504882,0.9
14-09-2015 16:30,0.190326265,0.064722414,0.9
14-09-2015 16:45,0.075224817,0.054707678,0.9
14-09-2015 17:00,0.04530958,0.055444052,0.9
14-09-2015 17:15,0.040143897,0.058287913,0.9
14-09-2015 17:30,0.038845882,0.066419828,0.9
14-09-2015 17:45,0.037596999,0.082602256,0.9
14-09-2015 18:00,0.03566482,0.098807177,0.9
14-09-2015 18:15,0.032872689,0.101798966,0.9
14-09-2015 18:30,0.030366525,0.086546703,0.9
14-09-2015 18:45,0.03010379,0.061923466,0.9
14-09-2015 19:00,0.03372281,0.041467561,0.9
14-09-2015 19:15,0.042740595,0.031045058,0.9
14-09-2015 19:30,0.058562281,0.028213828,0.9
14-09-2015 19:45,0.080533511,0.028689922,0.9
14-09-2015 20:00,0.105667699,0.029713888,0.9
14-09-2015 20:15,0.130144319,0.030400739,0.9
14-09-2015 20:30,0.14875722,0.031387174,0.9
14-09-2015 20:45,0.156013389,0.033436512,0.9
14-09-2015 21:00,0.151076848,0.036293707,0.9
14-09-2015 21:15,0.139152767,0.039211965,0.9
14-09-2015 21:30,0.126568137,0.042040372,0.9
14-09-2015 21:45,0.116819102,0.045286191,0.9
14-09-2015 22:00,0.109943925,0.049044332,0.9
14-09-2015 22:15,0.103060085,0.05240582,0.9
14-09-2015 22:30,0.094055534,0.054351704,0.9
14-09-2015 22:45,0.084285108,0.05508275,0.9
14-09-2015 23:00,0.074936414,0.057039609,0.9
14-09-2015 23:15,0.065775143,0.065090344,0.9
14-09-2015 23:30,0.058207565,0.083474983,0.9
14-09-2015 23:45,0.053567313,0.11081518,0.9
15-09-2015 00:00,0.05083013,0.140714082,0.9
15-09-2015 00:15,4.918158755,2.51175804,0.9
15-09-2015 00:30,5.706180311,2.429740137,0.9
15-09-2015 00:45,6.203977183,2.152834659,0.9
15-09-2015 01:00,6.199053888,1.702431841,0.9
15-09-2015 01:15,5.914551252,1.241573668,0.9
15-09-2015 01:30,5.662722654,0.901498746,0.9
15-09-2015 01:45,5.455043204,0.670831895,0.9
15-09-2015 02:00,5.230201535,0.497955022,0.9
15-09-2015 02:15,4.957486579,0.380393771,0.9
15-09-2015 02:30,4.53458895,0.337363874,0.9
15-09-2015 02:45,3.902328079,0.355754668,0.9
15-09-2015 03:00,3.098734219,0.386490612,0.9
15-09-2015 03:15,2.235409058,0.38633161,0.9
15-09-2015 03:30,1.49664401,0.343861342,0.9
15-09-2015 03:45,0.977202271,0.268080724,0.9
15-09-2015 04:00,0.61330388,0.179037785,0.9
15-09-2015 04:15,0.346000777,0.103568994,0.9
15-09-2015 04:30,0.178363899,0.057422476,0.9
15-09-2015 04:45,0.100539988,0.036499921,0.9
15-09-2015 05:00,0.075283615,0.029201768,0.9
15-09-2015 05:15,0.069747247,0.028080688,0.9
15-09-2015 05:30,0.067827637,0.030989623,0.9
15-09-2015 05:45,0.065877414,0.038847638,0.9
15-09-2015 06:00,0.065767934,0.0545087,0.9
15-09-2015 06:15,0.07282128,0.081925584,0.9
15-09-2015 06:30,0.096033583,0.123743718,0.9
15-09-2015 06:45,0.13473682,0.1711398,0.9
15-09-2015 07:00,0.165297297,0.195120946,0.9
15-09-2015 07:15,0.163892315,0.171549088,0.9
15-09-2015 07:30,0.13725257,0.116040961,0.9
15-09-2015 07:45,0.109922559,0.06619388,0.9
15-09-2015 08:00,0.095891787,0.040078159,0.9
15-09-2015 08:15,0.094440128,0.032211812,0.9
15-09-2015 08:30,0.099558603,0.032602006,0.9
15-09-2015 08:45,0.108059968,0.035673812,0.9
15-09-2015 09:00,0.122222029,0.039205927,0.9
15-09-2015 09:15,0.141174484,0.042498515,0.9
15-09-2015 09:30,0.153065443,0.045634394,0.9
15-09-2015 09:45,0.149101075,0.048978485,0.9
15-09-2015 10:00,0.136734472,0.052479222,0.9
15-09-2015 10:15,0.125404654,0.055419452,0.9
15-09-2015 10:30,0.114921071,0.0572425,0.9
15-09-2015 10:45,0.103462421,0.058590967,0.9
15-09-2015 11:00,0.091287335,0.062085691,0.9
15-09-2015 11:15,0.077983137,0.072574527,0.9
15-09-2015 11:30,0.064384282,0.094183058,0.9
15-09-2015 11:45,0.053120666,0.125039924,0.9
15-09-2015 12:00,0.045414014,0.157959102,0.9
15-09-2015 12:15,4.918605483,2.452515536,0.9
15-09-2015 12:30,5.71559521,2.443610101,0.9
15-09-2015 12:45,6.192979735,2.214768844,0.9
15-09-2015 13:00,6.106451283,1.737675359,0.9
15-09-2015 13:15,5.706124373,1.186821398,0.9
15-09-2015 13:30,5.398489784,0.773377637,0.9
15-09-2015 13:45,5.22653979,0.550502612,0.9
15-09-2015 14:00,5.062896994,0.457996178,0.9
15-09-2015 14:15,4.827165465,0.422484797,0.9
15-09-2015 14:30,4.389398211,0.392152571,0.9
15-09-2015 14:45,3.719759296,0.357889371,0.9
15-09-2015 15:00,3.034703437,0.344596504,0.9
15-09-2015 15:15,2.52826722,0.356804979,0.9
15-09-2015 15:30,2.121235503,0.354167386,0.9
15-09-2015 15:45,1.621512989,0.29813381,0.9
15-09-2015 16:00,1.020804837,0.20105559,0.9
15-09-2015 16:15,0.50396154,0.11160488,0.9
15-09-2015 16:30,0.202304725,0.062431659,0.9
15-09-2015 16:45,0.080917812,0.049821565,0.9
15-09-2015 17:00,0.045596807,0.053824403,0.9
15-09-2015 17:15,0.037783539,0.059134694,0.9
15-09-2015 17:30,0.036785388,0.063264883,0.9
15-09-2015 17:45,0.037128615,0.072130156,0.9
15-09-2015 18:00,0.038267896,0.085293083,0.9
15-09-2015 18:15,0.041185133,0.090882849,0.9
15-09-2015 18:30,0.045862796,0.080048934,0.9
15-09-2015 18:45,0.052126796,0.059007693,0.9
15-09-2015 19:00,0.0606242,0.040746381,0.9
15-09-2015 19:15,0.070268826,0.031213454,0.9
15-09-2015 19:30,0.078089846,0.028160177,0.9
15-09-2015 19:45,0.083214778,0.027662151,0.9
15-09-2015 20:00,0.087891067,0.027748394,0.9
15-09-2015 20:15,0.093986544,0.02830228,0.9
15-09-2015 20:30,0.100443161,0.029914829,0.9
15-09-2015 20:45,0.104603388,0.032786984,0.9
15-09-2015 21:00,0.105085265,0.036338363,0.9
15-09-2015 21:15,0.102792516,0.039867799,0.9
15-09-2015 21:30,0.099549671,0.043393353,0.9
15-09-2015 21:45,0.096612882,0.047382963,0.9
15-09-2015 22:00,0.094288962,0.051628348,0.9
15-09-2015 22:15,0.091330679,0.055126412,0.9
15-09-2015 22:30,0.085559116,0.057356807,0.9
15-09-2015 22:45,0.077480718,0.059289932,0.9
15-09-2015 23:00,0.072956667,0.063630793,0.9
15-09-2015 23:15,0.079594644,0.074309521,0.9
15-09-2015 23:30,0.096617338,0.093925163,0.9
15-09-2015 23:45,0.111871605,0.120509282,0.9
16-09-2015 00:00,0.114900696,0.148550423,0.9
16-09-2015 00:15,5.76187307,2.576699949,0.9
16-09-2015 00:30,6.639973808,2.545225931,0.9
16-09-2015 00:45,7.132331174,2.306295959,0.9
16-09-2015 01:00,7.018755636,1.851645815,0.9
16-09-2015 01:15,6.552540178,1.322537001,0.9
16-09-2015 01:30,6.164826065,0.893160609,0.9
16-09-2015 01:45,5.981407006,0.64217502,0.9
16-09-2015 02:00,5.84862836,0.537271676,0.9
16-09-2015 02:15,5.546832018,0.49151589,0.9
16-09-2015 02:30,4.925686712,0.458744982,0.9
16-09-2015 02:45,4.015280884,0.447513026,0.9
16-09-2015 03:00,3.048437239,0.449206293,0.9
16-09-2015 03:15,2.282882678,0.433077358,0.9
16-09-2015 03:30,1.759408649,0.384822173,0.9
16-09-2015 03:45,1.321395053,0.302951753,0.9
16-09-2015 04:00,0.876840356,0.203152967,0.9
16-09-2015 04:15,0.491891997,0.123705136,0.9
16-09-2015 04:30,0.241693434,0.087258547,0.9
16-09-2015 04:45,0.118507442,0.078241907,0.9
16-09-2015 05:00,0.073876442,0.071379153,0.9
16-09-2015 05:15,0.072179424,0.060421594,0.9
16-09-2015 05:30,0.099181186,0.054334768,0.9
16-09-2015 05:45,0.14045369,0.061040394,0.9
16-09-2015 06:00,0.168925249,0.077550898,0.9
16-09-2015 06:15,0.166020835,0.089176617,0.9
16-09-2015 06:30,0.140835336,0.082874273,0.9
16-09-2015 06:45,0.113166047,0.062643226,0.9
16-09-2015 07:00,0.092720388,0.043190608,0.9
16-09-2015 07:15,0.081144899,0.032552751,0.9
16-09-2015 07:30,0.078782028,0.028908952,0.9
16-09-2015 07:45,0.084854391,0.028273336,0.9
16-09-2015 08:00,0.097084227,0.028987209,0.9
16-09-2015 08:15,0.113087116,0.031169935,0.9
16-09-2015 08:30,0.129340722,0.034791964,0.9
16-09-2015 08:45,0.139786892,0.038669531,0.9
16-09-2015 09:00,0.14092093,0.041566653,0.9
16-09-2015 09:15,0.136539559,0.043726513,0.9
16-09-2015 09:30,0.13334467,0.046243642,0.9
16-09-2015 09:45,0.134007849,0.049474987,0.9
16-09-2015 10:00,0.134348461,0.052732377,0.9
16-09-2015 10:15,0.126442943,0.055194846,0.9
16-09-2015 10:30,0.107761639,0.056732158,0.9
16-09-2015 10:45,0.085322004,0.057970402,0.9
16-09-2015 11:00,0.067281652,0.060550965,0.9
16-09-2015 11:15,0.055554679,0.067883134,0.9
16-09-2015 11:30,0.048325061,0.08363836,0.9
16-09-2015 11:45,0.043665586,0.107453591,0.9
16-09-2015 12:00,0.040213303,0.134272316,0.9
16-09-2015 12:15,5.938496899,2.496634375,0.9
16-09-2015 12:30,6.922991984,2.442742137,0.9
16-09-2015 12:45,7.538228473,2.201066784,0.9
16-09-2015 13:00,7.519450888,1.773306462,0.9
16-09-2015 13:15,7.059268752,1.289787693,0.9
16-09-2015 13:30,6.53578868,0.899104884,0.9
16-09-2015 13:45,6.100816701,0.666239857,0.9
16-09-2015 14:00,5.722712304,0.567535316,0.9
16-09-2015 14:15,5.294566282,0.524470588,0.9
16-09-2015 14:30,4.675762982,0.473935089,0.9
16-09-2015 14:45,3.833083802,0.406878567,0.9
16-09-2015 15:00,2.917055121,0.33255993,0.9
16-09-2015 15:15,2.120696485,0.253800919,0.9
16-09-2015 15:30,1.500077915,0.176902379,0.9
16-09-2015 15:45,1.000132085,0.112391589,0.9
16-09-2015 16:00,0.599603817,0.067771904,0.9
16-09-2015 16:15,0.330742071,0.043568635,0.9
16-09-2015 16:30,0.192374764,0.033660123,0.9
16-09-2015 16:45,0.133155783,0.030937725,0.9
16-09-2015 17:00,0.104183067,0.031976591,0.9
16-09-2015 17:15,0.084676452,0.037626148,0.9
16-09-2015 17:30,0.070638565,0.050801901,0.9
16-09-2015 17:45,0.062724235,0.071164906,0.9
16-09-2015 18:00,0.061856338,0.090298964,0.9
16-09-2015 18:15,0.06629588,0.095601959,0.9
16-09-2015 18:30,0.072088696,0.082645609,0.9
16-09-2015 18:45,0.076226453,0.060798752,0.9
16-09-2015 19:00,0.07906667,0.043203832,0.9
16-09-2015 19:15,0.08434307,0.035286655,0.9
16-09-2015 19:30,0.093458616,0.034985453,0.9
16-09-2015 19:45,0.101542638,0.038692136,0.9
16-09-2015 20:00,0.104331658,0.044218159,0.9
16-09-2015 20:15,0.103086436,0.049819342,0.9
16-09-2015 20:30,0.099648529,0.052746041,0.9
16-09-2015 20:45,0.094393049,0.051365432,0.9
16-09-2015 21:00,0.088857381,0.047762476,0.9
16-09-2015 21:15,0.086529135,0.045493423,0.9
16-09-2015 21:30,0.091162907,0.046140591,0.9
16-09-2015 21:45,0.102377928,0.049109024,0.9
16-09-2015 22:00,0.114600388,0.052854253,0.9
16-09-2015 22:15,0.122543765,0.055958301,0.9
16-09-2015 22:30,0.124571045,0.057964279,0.9
16-09-2015 22:45,0.12078357,0.05927101,0.9
16-09-2015 23:00,0.111904495,0.06052881,0.9
16-09-2015 23:15,0.100467405,0.062341118,0.9
16-09-2015 23:30,0.090097752,0.064712018,0.9
16-09-2015 23:45,0.082736308,0.06663467,0.9
17-09-2015 00:00,0.078101389,0.06712277,0.9
17-09-2015 00:15,6.043760301,3.848680938,0.9
17-09-2015 00:30,6.960188722,4.024445718,0.9
17-09-2015 00:45,7.496355721,3.916142429,0.9
17-09-2015 01:00,7.404543008,3.419593357,0.9
17-09-2015 01:15,6.921308853,2.689488269,0.9
17-09-2015 01:30,6.458409486,1.97993518,0.9
17-09-2015 01:45,6.10716397,1.419150217,0.9
17-09-2015 02:00,5.720072578,1.028586903,0.9
17-09-2015 02:15,5.186510245,0.787832785,0.9
17-09-2015 02:30,4.506595727,0.652636046,0.9
17-09-2015 02:45,3.744730116,0.578627755,0.9
17-09-2015 03:00,2.978051873,0.530721192,0.9
17-09-2015 03:15,2.290800302,0.481572,0.9
17-09-2015 03:30,1.731310024,0.412111877,0.9
17-09-2015 03:45,1.262910839,0.317714729,0.9
17-09-2015 04:00,0.841855929,0.218741973,0.9
17-09-2015 04:15,0.49724154,0.149085178,0.9
17-09-2015 04:30,0.274821569,0.122132058,0.9
17-09-2015 04:45,0.168442706,0.118079805,0.9
17-09-2015 05:00,0.133851747,0.11011191,0.9
17-09-2015 05:15,0.128598232,0.094983328,0.9
17-09-2015 05:30,0.131262606,0.091559996,0.9
17-09-2015 05:45,0.139226097,0.115008204,0.9
17-09-2015 06:00,0.152160193,0.156438734,0.9
17-09-2015 06:15,0.161894594,0.185333751,0.9
17-09-2015 06:30,0.160717972,0.177247729,0.9
17-09-2015 06:45,0.149433409,0.138164077,0.9
17-09-2015 07:00,0.134306599,0.094523005,0.9
17-09-2015 07:15,0.121529902,0.066925334,0.9
17-09-2015 07:30,0.112300131,0.057705784,0.9
17-09-2015 07:45,0.103789621,0.056673922,0.9
17-09-2015 08:00,0.096443084,0.054667913,0.9
17-09-2015 08:15,0.094423192,0.05055535,0.9
17-09-2015 08:30,0.098450343,0.046979382,0.9
17-09-2015 08:45,0.103973404,0.044832955,0.9
17-09-2015 09:00,0.107256013,0.04354779,0.9
17-09-2015 09:15,0.108621195,0.043308253,0.9
17-09-2015 09:30,0.109205866,0.045214259,0.9
17-09-2015 09:45,0.109315926,0.049942243,0.9
17-09-2015 10:00,0.109144421,0.056176449,0.9
17-09-2015 10:15,0.107957513,0.060752963,0.9
17-09-2015 10:30,0.104856578,0.061640074,0.9
17-09-2015 10:45,0.10120479,0.060046865,0.9
17-09-2015 11:00,0.099804063,0.058708823,0.9
17-09-2015 11:15,0.101444707,0.059428616,0.9
17-09-2015 11:30,0.103474781,0.062371184,0.9
17-09-2015 11:45,0.103139259,0.066465866,0.9
17-09-2015 12:00,0.100801246,0.070431759,0.9
14-09-2015 00:15,4.860081642,2.180825565,0.95
14-09-2015 00:30,5.609128346,2.00617346,0.95
14-09-2015 00:45,6.148165473,1.715025207,0.95
14-09-2015 01:00,6.274755977,1.35172235,0.95
14-09-2015 01:15,6.14034606,1.028030314,0.95
14-09-2015 01:30,5.959459239,0.805133426,0.95
14-09-2015 01:45,5.707152499,0.648281261,0.95
14-09-2015 02:00,5.400829121,0.519832817,0.95
14-09-2015 02:15,5.15162331,0.431362808,0.95
14-09-2015 02:30,4.925430076,0.405860064,0.95
14-09-2015 02:45,4.56335158,0.430780359,0.95
14-09-2015 03:00,3.886048159,0.451462351,0.95
14-09-2015 03:15,2.85101736,0.416430292,0.95
14-09-2015 03:30,1.739273286,0.325710854,0.95
14-09-2015 03:45,0.913314825,0.218136715,0.95
14-09-2015 04:00,0.459667523,0.130223043,0.95
14-09-2015 04:15,0.246714797,0.077635567,0.95
14-09-2015 04:30,0.149692024,0.057314375,0.95
14-09-2015 04:45,0.110326578,0.056274478,0.95
14-09-2015 05:00,0.096903547,0.060317462,0.95
14-09-2015 05:15,0.087953378,0.062049526,0.95
14-09-2015 05:30,0.076059764,0.063526765,0.95
14-09-2015 05:45,0.062909684,0.069253977,0.95
14-09-2015 06:00,0.051342173,0.07825207,0.95
14-09-2015 06:15,0.04360684,0.082330928,0.95
14-09-2015 06:30,0.041795527,0.073795384,0.95
14-09-2015 06:45,0.046482729,0.056016279,0.95
14-09-2015 07:00,0.055319017,0.039796962,0.95
14-09-2015 07:15,0.064669483,0.030955959,0.95
14-09-2015 07:30,0.072480534,0.027872485,0.95
14-09-2015 07:45,0.078789218,0.027283637,0.95
14-09-2015 08:00,0.085179543,0.027671435,0.95
14-09-2015 08:15,0.093463147,0.028940474,0.95
14-09-2015 08:30,0.102561768,0.031264971,0.95
14-09-2015 08:45,0.107659056,0.034340226,0.95
14-09-2015 09:00,0.105035839,0.037483748,0.95
14-09-2015 09:15,0.09605046,0.040191539,0.95
14-09-2015 09:30,0.084650798,0.04243438,0.95
14-09-2015 09:45,0.074812172,0.044698421,0.95
14-09-2015 10:00,0.069265746,0.04753209,0.95
14-09-2015 10:15,0.067444417,0.050887173,0.95
14-09-2015 10:30,0.068230669,0.054369613,0.95
14-09-2015 10:45,0.072193771,0.058436993,0.95
14-09-2015 11:00,0.077112251,0.065735703,0.95
14-09-2015 11:15,0.078687776,0.080945892,0.95
14-09-2015 11:30,0.07737985,0.106669998,0.95
14-09-2015 11:45,0.077336125,0.138935021,0.95
14-09-2015 12:00,0.08024559,0.170127529,0.95
14-09-2015 12:15,5.41526923,2.517104058,0.95
14-09-2015 12:30,6.324572298,2.478157825,0.95
14-09-2015 12:45,6.853028053,2.258589466,0.95
14-09-2015 13:00,6.707727864,1.840759689,0.95
14-09-2015 13:15,6.188441572,1.352189318,0.95
14-09-2015 13:30,5.789841315,0.938789704,0.95
14-09-2015 13:45,5.573781686,0.64150457,0.95
14-09-2015 14:00,5.372865493,0.447850198,0.95
14-09-2015 14:15,5.091114224,0.351277972,0.95
14-09-2015 14:30,4.655797728,0.33454784,0.95
14-09-2015 14:45,4.065928561,0.360793457,0.95
14-09-2015 15:00,3.409907051,0.391682068,0.95
14-09-2015 15:15,2.762637216,0.395351163,0.95
14-09-2015 15:30,2.163978762,0.353166856,0.95
14-09-2015 15:45,1.585259262,0.271301193,0.95
14-09-2015 16:00,0.997324499,0.177809478,0.95
14-09-2015 16:15,0.497249111,0.104283799,0.95
14-09-2015 16:30,0.197045968,0.065752504,0.95
14-09-2015 16:45,0.076923533,0.05510551,0.95
14-09-2015 17:00,0.045698836,0.055701764,0.95
14-09-2015 17:15,0.040308261,0.058534859,0.95
14-09-2015 17:30,0.038988539,0.066708938,0.95
14-09-2015 17:45,0.037748737,0.082990941,0.95
14-09-2015 18:00,0.035824349,0.099303085,0.95
14-09-2015 18:15,0.033022936,0.102320248,0.95
14-09-2015 18:30,0.030490326,0.086972644,0.95
14-09-2015 18:45,0.030201829,0.062195086,0.95
14-09-2015 19:00,0.033817517,0.041615165,0.95
14-09-2015 19:15,0.042871696,0.031136033,0.95
14-09-2015 19:30,0.058779662,0.028299867,0.95
14-09-2015 19:45,0.080887055,0.028795678,0.95
14-09-2015 20:00,0.106198871,0.029846004,0.95
14-09-2015 20:15,0.13087335,0.030558313,0.95
14-09-2015 20:30,0.149655408,0.031568767,0.95
14-09-2015 20:45,0.156983846,0.033638739,0.95
14-09-2015 21:00,0.152003488,0.036509912,0.95
14-09-2015 21:15,0.13996786,0.039434943,0.95
14-09-2015 21:30,0.127270306,0.042267914,0.95
14-09-2015 21:45,0.117444437,0.04552356,0.95
14-09-2015 22:00,0.110526612,0.049297374,0.95
14-09-2015 22:15,0.103604012,0.052670632,0.95
14-09-2015 22:30,0.094540959,0.054615299,0.95
14-09-2015 22:45,0.084702882,0.055337186,0.95
14-09-2015 23:00,0.075292685,0.057298579,0.95
14-09-2015 23:15,0.066080894,0.065408785,0.95
14-09-2015 23:30,0.058486024,0.083952028,0.95
14-09-2015 23:45,0.053847589,0.111545853,0.95
15-09-2015 00:00,0.051126859,0.141735451,0.95
15-09-2015 00:15,5.243036871,2.670204396,0.95
15-09-2015 00:30,6.092114345,2.588634438,0.95
15-09-2015 00:45,6.62377149,2.296780477,0.95
15-09-2015 01:00,6.609418451,1.816115594,0.95
15-09-2015 01:15,6.292204157,1.32205031,0.95
15-09-2015 01:30,6.012963019,0.957599424,0.95
15-09-2015 01:45,5.784080784,0.711223311,0.95
15-09-2015 02:00,5.53846626,0.527055258,0.95
15-09-2015 02:15,5.24320615,0.401715839,0.95
15-09-2015 02:30,4.790080898,0.355172095,0.95
15-09-2015 02:45,4.116048109,0.373159561,0.95
15-09-2015 03:00,3.261883634,0.403681318,0.95
15-09-2015 03:15,2.345185128,0.401541916,0.95
15-09-2015 03:30,1.561507015,0.3557519,0.95
15-09-2015 03:45,1.01288942,0.276389869,0.95
15-09-2015 04:00,0.632097537,0.184022212,0.95
15-09-2015 04:15,0.354727041,0.105974414,0.95
15-09-2015 04:30,0.181617701,0.058333535,0.95
15-09-2015 04:45,0.101556912,0.03680207,0.95
15-09-2015 05:00,0.075659617,0.029329142,0.95
15-09-2015 05:15,0.069997281,0.028176136,0.95
15-09-2015 05:30,0.06806074,0.031097316,0.95
15-09-2015 05:45,0.066122591,0.039011001,0.95
15-09-2015 06:00,0.066099155,0.054839146,0.95
15-09-2015 06:15,0.073456723,0.082696913,0.95
15-09-2015 06:30,0.09736855,0.125402878,0.95
15-09-2015 06:45,0.137024947,0.173932192,0.95
15-09-2015 07:00,0.168136504,0.198512739,0.95
15-09-2015 07:15,0.166390405,0.174441347,0.95
15-09-2015 07:30,0.138864372,0.117775949,0.95
15-09-2015 07:45,0.110782005,0.06695913,0.95
15-09-2015 08:00,0.096393226,0.040374191,0.95
15-09-2015 08:15,0.094862284,0.03237092,0.95
15-09-2015 08:30,0.100024577,0.032750309,0.95
15-09-2015 08:45,0.1086389,0.035846343,0.95
15-09-2015 09:00,0.123003731,0.039415286,0.95
15-09-2015 09:15,0.142218399,0.042750595,0.95
15-09-2015 09:30,0.154265396,0.045920954,0.95
15-09-2015 09:45,0.150235563,0.049282495,0.95
15-09-2015 10:00,0.137691914,0.052793072,0.95
15-09-2015 10:15,0.126207451,0.055739589,0.95
15-09-2015 10:30,0.11560211,0.057559698,0.95
15-09-2015 10:45,0.104031701,0.058899834,0.95
15-09-2015 11:00,0.091758766,0.062404745,0.95
15-09-2015 11:15,0.078371688,0.072967478,0.95
15-09-2015 11:30,0.064707795,0.094759469,0.95
15-09-2015 11:45,0.053405135,0.125904766,0.95
15-09-2015 12:00,0.045682967,0.159149362,0.95
15-09-2015 12:15,5.243283813,2.608286353,0.95
15-09-2015 12:30,6.102695205,2.605262554,0.95
15-09-2015 12:45,6.613344602,2.365236519,0.95
15-09-2015 13:00,6.509115834,1.85557475,0.95
15-09-2015 13:15,6.065971859,1.264995285,0.95
15-09-2015 13:30,5.725400503,0.821685235,0.95
15-09-2015 13:45,5.535261484,0.583273334,0.95
15-09-2015 14:00,5.357269957,0.484579712,0.95
15-09-2015 14:15,5.102893859,0.446590198,0.95
15-09-2015 14:30,4.633326142,0.413963714,0.95
15-09-2015 14:45,3.915541988,0.376729639,0.95
15-09-2015 15:00,3.182571492,0.361381023,0.95
15-09-2015 15:15,2.64345938,0.373142568,0.95
15-09-2015 15:30,2.215382,0.369930888,0.95
15-09-2015 15:45,1.693105421,0.311110477,0.95
15-09-2015 16:00,1.065368241,0.209387614,0.95
15-09-2015 16:15,0.524905453,0.115590813,0.95
15-09-2015 16:30,0.209422523,0.06384815,0.95
15-09-2015 16:45,0.082685768,0.050271085,0.95
15-09-2015 17:00,0.045982858,0.054061143,0.95
15-09-2015 17:15,0.03792927,0.05936019,0.95
15-09-2015 17:30,0.036906619,0.063514335,0.95
15-09-2015 17:45,0.037260991,0.072444136,0.95
15-09-2015 18:00,0.038423766,0.08570589,0.95
15-09-2015 18:15,0.041364653,0.091347532,0.95
15-09-2015 18:30,0.046053577,0.080455894,0.95
15-09-2015 18:45,0.052321572,0.059286194,0.95
15-09-2015 19:00,0.060836318,0.040914395,0.95
15-09-2015 19:15,0.070516237,0.031328355,0.95
15-09-2015 19:30,0.07837322,0.028261755,0.95
15-09-2015 19:45,0.083526297,0.027764407,0.95
15-09-2015 20:00,0.08823422,0.027855039,0.95
15-09-2015 20:15,0.094374501,0.028417154,0.95
15-09-2015 20:30,0.100883012,0.030044272,0.95
15-09-2015 20:45,0.105083131,0.032936125,0.95
15-09-2015 21:00,0.105578653,0.036507399,0.95
15-09-2015 21:15,0.10327823,0.040054322,0.95
15-09-2015 21:30,0.100019118,0.04359671,0.95
15-09-2015 21:45,0.097070638,0.047607155,0.95
15-09-2015 22:00,0.09474112,0.051875616,0.95
15-09-2015 22:15,0.091773068,0.05539095,0.95
15-09-2015 22:30,0.085970695,0.057625489,0.95
15-09-2015 22:45,0.077854799,0.059559196,0.95
15-09-2015 23:00,0.073352547,0.063931691,0.95
15-09-2015 23:15,0.080150779,0.074726488,0.95
15-09-2015 23:30,0.097451495,0.094570523,0.95
15-09-2015 23:45,0.112950409,0.121453443,0.95
16-09-2015 00:00,0.116063972,0.1497857,0.95
16-09-2015 00:15,6.15630921,2.745714967,0.95
16-09-2015 00:30,7.103264787,2.718063023,0.95
16-09-2015 00:45,7.629475401,2.466106884,0.95
16-09-2015 01:00,7.495407387,1.979496314,0.95
16-09-2015 01:15,6.979204465,1.411496913,0.95
16-09-2015 01:30,6.550517013,0.950898477,0.95
16-09-2015 01:45,6.347582334,0.682332002,0.95
16-09-2015 02:00,6.202262523,0.57021089,0.95
16-09-2015 02:15,5.877156587,0.520985166,0.95
16-09-2015 02:30,5.210646286,0.48481309,0.95
16-09-2015 02:45,4.235625255,0.470682843,0.95
16-09-2015 03:00,3.203866352,0.470374673,0.95
16-09-2015 03:15,2.388210548,0.451909233,0.95
16-09-2015 03:30,1.832840368,0.400555183,0.95
16-09-2015 03:45,1.371571266,0.314650852,0.95
16-09-2015 04:00,0.906547836,0.21032957,0.95
16-09-2015 04:15,0.505873995,0.127169758,0.95
16-09-2015 04:30,0.246815227,0.088665221,0.95
16-09-2015 04:45,0.120076274,0.078881995,0.95
16-09-2015 05:00,0.074424255,0.071777461,0.95
16-09-2015 05:15,0.072628108,0.060719571,0.95
16-09-2015 05:30,0.09993828,0.054637112,0.95
16-09-2015 05:45,0.141706953,0.06148281,0.95
16-09-2015 06:00,0.170524527,0.078205603,0.95
16-09-2015 06:15,0.167553044,0.089949126,0.95
16-09-2015 06:30,0.141986656,0.083555478,0.95
16-09-2015 06:45,0.113910638,0.063097229,0.95
16-09-2015 07:00,0.093190115,0.043440539,0.95
16-09-2015 07:15,0.081477807,0.032694791,0.95
16-09-2015 07:30,0.079079961,0.029016489,0.95
16-09-2015 07:45,0.085190319,0.028380655,0.95
16-09-2015 08:00,0.097514668,0.02911096,0.95
16-09-2015 08:15,0.113660726,0.03132471,0.95
16-09-2015 08:30,0.130075052,0.034987967,0.95
16-09-2015 08:45,0.140628157,0.038900989,0.95
16-09-2015 09:00,0.141773135,0.041815809,0.95
16-09-2015 09:15,0.137346669,0.04398273,0.95
16-09-2015 09:30,0.134125225,0.046512713,0.95
16-09-2015 09:45,0.1348114,0.049768339,0.95
16-09-2015 10:00,0.135182009,0.05304934,0.95
16-09-2015 10:15,0.127230672,0.055515294,0.95
16-09-2015 10:30,0.108401863,0.057031694,0.95
16-09-2015 10:45,0.085777441,0.058240637,0.95
16-09-2015 11:00,0.067595863,0.060811575,0.95
16-09-2015 11:15,0.055790954,0.068187231,0.95
16-09-2015 11:30,0.048530074,0.084071748,0.95
16-09-2015 11:45,0.043866048,0.108100301,0.95
16-09-2015 12:00,0.040419456,0.135167901,0.95
16-09-2015 12:15,6.347060833,2.659894066,0.95
16-09-2015 12:30,7.409404997,2.608466115,0.95
16-09-2015 12:45,8.068501063,2.353892662,0.95
16-09-2015 13:00,8.037451089,1.896604098,0.95
16-09-2015 13:15,7.528076859,1.37759199,0.95
16-09-2015 13:30,6.952738999,0.958088691,0.95
16-09-2015 13:45,6.477241716,0.708192143,0.95
16-09-2015 14:00,6.067031104,0.602060309,0.95
16-09-2015 14:15,5.605280279,0.555381949,0.95
16-09-2015 14:30,4.941233748,0.500682182,0.95
16-09-2015 14:45,4.038499813,0.428211764,0.95
16-09-2015 15:00,3.059419169,0.348331682,0.95
16-09-2015 15:15,2.211802934,0.264577099,0.95
16-09-2015 15:30,1.555855909,0.183557974,0.95
16-09-2015 15:45,1.032465465,0.116021238,0.95
16-09-2015 16:00,0.616189033,0.069474998,0.95
16-09-2015 16:15,0.337848018,0.044268152,0.95
16-09-2015 16:30,0.19501855,0.033957333,0.95
16-09-2015 16:45,0.134213487,0.03111037,0.95
16-09-2015 17:00,0.104747676,0.032119001,0.95
16-09-2015 17:15,0.085054183,0.037783522,0.95
16-09-2015 17:30,0.070934193,0.051031552,0.95
16-09-2015 17:45,0.063009065,0.071531253,0.95
16-09-2015 18:00,0.062177923,0.090812634,0.95
16-09-2015 18:15,0.066657596,0.096170421,0.95
16-09-2015 18:30,0.072458107,0.083129377,0.95
16-09-2015 18:45,0.076575317,0.061125554,0.95
16-09-2015 19:00,0.079402955,0.043405977,0.95
16-09-2015 19:15,0.084712545,0.035438101,0.95
16-09-2015 19:30,0.0939074,0.035142631,0.95
16-09-2015 19:45,0.102065324,0.03887996,0.95
16-09-2015 20:00,0.104885308,0.044444254,0.95
16-09-2015 20:15,0.103638371,0.050081484,0.95
16-09-2015 20:30,0.100176832,0.053022625,0.95
16-09-2015 20:45,0.094874364,0.051622735,0.95
16-09-2015 21:00,0.089284646,0.047984657,0.95
16-09-2015 21:15,0.086930712,0.045695034,0.95
16-09-2015 21:30,0.091601192,0.046352631,0.95
16-09-2015 21:45,0.102910995,0.04935711,0.95
16-09-2015 22:00,0.115239764,0.053145226,0.95
16-09-2015 22:15,0.123256326,0.056282135,0.95
16-09-2015 22:30,0.125306203,0.058304647,0.95
16-09-2015 22:45,0.12149088,0.059613999,0.95
16-09-2015 23:00,0.112539705,0.060865276,0.95
16-09-2015 23:15,0.101010475,0.062670684,0.95
16-09-2015 23:30,0.090560068,0.065040411,0.95
16-09-2015 23:45,0.083143986,0.066963984,0.95
17-09-2015 00:00,0.078474955,0.067447597,0.95
17-09-2015 00:15,6.476537619,4.116952525,0.95
17-09-2015 00:30,7.469423261,4.314079173,0.95
17-09-2015 00:45,8.04570764,4.202183721,0.95
17-09-2015 01:00,7.936295138,3.667692455,0.95
17-09-2015 01:15,7.399510322,2.879304357,0.95
17-09-2015 01:30,6.8858758,2.114513924,0.95
17-09-2015 01:45,6.497155834,1.512172431,0.95
17-09-2015 02:00,6.073334298,1.093462966,0.95
17-09-2015 02:15,5.494609645,0.835131505,0.95
17-09-2015 02:30,4.762207137,0.689429537,0.95
17-09-2015 02:45,3.94477178,0.608665365,0.95
17-09-2015 03:00,3.126052877,0.555781469,0.95
17-09-2015 03:15,2.394555135,0.50215326,0.95
17-09-2015 03:30,1.801616334,0.428194861,0.95
17-09-2015 03:45,1.308478014,0.329032661,0.95
17-09-2015 04:00,0.868327539,0.225506397,0.95
17-09-2015 04:15,0.510160766,0.152527533,0.95
17-09-2015 04:30,0.280087832,0.123877985,0.95
17-09-2015 04:45,0.170528506,0.119231055,0.95
17-09-2015 05:00,0.134978351,0.11103194,0.95
17-09-2015 05:15,0.129520899,0.095743298,0.95
17-09-2015 05:30,0.132227238,0.092363962,0.95
17-09-2015 05:45,0.14042913,0.116243746,0.95
17-09-2015 06:00,0.153732991,0.158361147,0.95
17-09-2015 06:15,0.16372225,0.18770423,0.95
17-09-2015 06:30,0.162485481,0.179448792,0.95
17-09-2015 06:45,0.150881597,0.1397363,0.95
17-09-2015 07:00,0.135379518,0.095445612,0.95
17-09-2015 07:15,0.122329049,0.067445061,0.95
17-09-2015 07:30,0.112951621,0.058065744,0.95
17-09-2015 07:45,0.104351581,0.056987471,0.95
17-09-2015 08:00,0.096935332,0.054949361,0.95
17-09-2015 08:15,0.094886936,0.050802437,0.95
17-09-2015 08:30,0.098937415,0.047206269,0.95
17-09-2015 08:45,0.104497639,0.045052423,0.95
17-09-2015 09:00,0.107799251,0.043763267,0.95
17-09-2015 09:15,0.10916943,0.043524092,0.95
17-09-2015 09:30,0.109761408,0.045444365,0.95
17-09-2015 09:45,0.109887988,0.050206531,0.95
17-09-2015 10:00,0.109738337,0.056485764,0.95
17-09-2015 10:15,0.108558564,0.061092886,0.95
17-09-2015 10:30,0.105434015,0.061978996,0.95
17-09-2015 10:45,0.101746422,0.060365394,0.95
17-09-2015 11:00,0.100333667,0.059013733,0.95
17-09-2015 11:15,0.101995542,0.059740613,0.95
17-09-2015 11:30,0.104053489,0.062707356,0.95
17-09-2015 11:45,0.103723933,0.066830688,0.95
17-09-2015 12:00,0.101372253,0.07082142,0.95
14-09-2015 00:15,5.091064087,2.279542768,0.99
14-09-2015 00:30,5.881142948,2.09951491,0.99
14-09-2015 00:45,6.448125807,1.796702078,0.99
14-09-2015 01:00,6.576342589,1.416333066,0.99
14-09-2015 01:15,6.430240934,1.07663963,0.99
14-09-2015 01:30,6.235086759,0.842353371,0.99
14-09-2015 01:45,5.965909298,0.677603227,0.99
14-09-2015 02:00,5.639672577,0.542703839,0.99
14-09-2015 02:15,5.374821258,0.449829217,0.99
14-09-2015 02:30,5.136802627,0.422927045,0.99
14-09-2015 02:45,4.758199556,0.44849661,0.99
14-09-2015 03:00,4.04974505,0.469074313,0.99
14-09-2015 03:15,2.966780285,0.431124697,0.99
14-09-2015 03:30,1.803395444,0.335417837,0.99
14-09-2015 03:45,0.941080879,0.223298536,0.99
14-09-2015 04:00,0.469569929,0.132502882,0.99
14-09-2015 04:15,0.250055089,0.078541829,0.99
14-09-2015 04:30,0.150939585,0.057725159,0.99
14-09-2015 04:45,0.110949879,0.056580474,0.99
14-09-2015 05:00,0.097357669,0.060624115,0.99
14-09-2015 05:15,0.088330225,0.062342303,0.99
14-09-2015 05:30,0.076356216,0.063794944,0.99
14-09-2015 05:45,0.063133442,0.069527683,0.99
14-09-2015 06:00,0.051514962,0.078561954,0.99
14-09-2015 06:15,0.043748802,0.082657544,0.99
14-09-2015 06:30,0.041923313,0.074076377,0.99
14-09-2015 06:45,0.046613168,0.056209995,0.99
14-09-2015 07:00,0.055467067,0.039916856,0.99
14-09-2015 07:15,0.06484298,0.031040232,0.99
14-09-2015 07:30,0.07268055,0.027947794,0.99
14-09-2015 07:45,0.079016713,0.027360704,0.99
14-09-2015 08:00,0.085442673,0.027754874,0.99
14-09-2015 08:15,0.093780372,0.029035815,0.99
14-09-2015 08:30,0.102943125,0.031377471,0.99
14-09-2015 08:45,0.108080227,0.034469646,0.99
14-09-2015 09:00,0.105445763,0.037623431,0.99
14-09-2015 09:15,0.096410863,0.040333877,0.99
14-09-2015 09:30,0.084953505,0.042575244,0.99
14-09-2015 09:45,0.075070787,0.044839095,0.99
14-09-2015 10:00,0.069506218,0.04767938,0.99
14-09-2015 10:15,0.067684544,0.051046929,0.99
14-09-2015 10:30,0.06847914,0.054546215,0.99
14-09-2015 10:45,0.072463622,0.058640806,0.99
14-09-2015 11:00,0.077413012,0.065994557,0.99
14-09-2015 11:15,0.079018137,0.081321783,0.99
14-09-2015 11:30,0.077748972,0.107255667,0.99
14-09-2015 11:45,0.077769855,0.139806941,0.99
14-09-2015 12:00,0.08076234,0.171296299,0.99
14-09-2015 12:15,5.685087321,2.636221722,0.99
14-09-2015 12:30,6.647726983,2.599710944,0.99
14-09-2015 12:45,7.204451431,2.371894383,0.99
14-09-2015 13:00,7.044379066,1.932946869,0.99
14-09-2015 13:15,6.485384971,1.417758116,0.99
14-09-2015 13:30,6.057197634,0.982548221,0.99
14-09-2015 13:45,5.823691472,0.670299966,0.99
14-09-2015 14:00,5.608879602,0.467310297,0.99
14-09-2015 14:15,5.310354199,0.365979884,0.99
14-09-2015 14:30,4.850840581,0.347917825,0.99
14-09-2015 14:45,4.230797604,0.374493149,0.99
14-09-2015 15:00,3.541969441,0.405642126,0.99
14-09-2015 15:15,2.863779455,0.408544265,0.99
14-09-2015 15:30,2.238915819,0.364277339,0.99
14-09-2015 15:45,1.638172035,0.279358212,0.99
14-09-2015 16:00,1.029765741,0.182591436,0.99
14-09-2015 16:15,0.512719794,0.106504587,0.99
14-09-2015 16:30,0.20241984,0.066576342,0.99
14-09-2015 16:45,0.07828653,0.055424126,0.99
14-09-2015 17:00,0.046010319,0.055907915,0.99
14-09-2015 17:15,0.040439753,0.058732429,0.99
14-09-2015 17:30,0.03910267,0.066940243,0.99
14-09-2015 17:45,0.037870151,0.083301963,0.99
14-09-2015 18:00,0.035951931,0.099699662,0.99
14-09-2015 18:15,0.03314304,0.102736911,0.99
14-09-2015 18:30,0.030589338,0.087313278,0.99
14-09-2015 18:45,0.030280265,0.062412408,0.99
14-09-2015 19:00,0.033893289,0.041733137,0.99
14-09-2015 19:15,0.042976544,0.031208816,0.99
14-09-2015 19:30,0.058953468,0.028368674,0.99
14-09-2015 19:45,0.081169842,0.02888027,0.99
14-09-2015 20:00,0.106624042,0.029951748,0.99
14-09-2015 20:15,0.131457009,0.03068446,0.99
14-09-2015 20:30,0.150372974,0.031713851,0.99
14-09-2015 20:45,0.157759919,0.033800463,0.99
14-09-2015 21:00,0.152744264,0.036682756,0.99
14-09-2015 21:15,0.140619766,0.039613282,0.99
14-09-2015 21:30,0.127832405,0.042450059,0.99
14-09-2015 21:45,0.11794498,0.045713552,0.99
14-09-2015 22:00,0.110992754,0.049499805,0.99
14-09-2015 22:15,0.104038831,0.052882345,0.99
14-09-2015 22:30,0.094929228,0.054826142,0.99
14-09-2015 22:45,0.085036963,0.055540674,0.99
14-09-2015 23:00,0.075577841,0.057505791,0.99
14-09-2015 23:15,0.066325513,0.065663514,0.99
14-09-2015 23:30,0.058708771,0.084333408,0.99
14-09-2015 23:45,0.054071824,0.112130476,0.99
15-09-2015 00:00,0.05136435,0.142553157,0.99
15-09-2015 00:15,5.503057689,2.797005453,0.99
15-09-2015 00:30,6.400804767,2.715731342,0.99
15-09-2015 00:45,6.959328451,2.411858368,0.99
15-09-2015 01:00,6.937442752,1.906999505,0.99
15-09-2015 01:15,6.594284539,1.386423764,0.99
15-09-2015 01:30,6.292704187,1.00241391,0.99
15-09-2015 01:45,6.047507474,0.743559107,0.99
15-09-2015 02:00,5.785157297,0.550342515,0.99
15-09-2015 02:15,5.472262627,0.418807345,0.99
15-09-2015 02:30,4.994762566,0.369437436,0.99
15-09-2015 02:45,4.286810426,0.387067615,0.99
15-09-2015 03:00,3.392344715,0.417428453,0.99
15-09-2015 03:15,2.433142502,0.413726173,0.99
15-09-2015 03:30,1.613423313,0.365268261,0.99
15-09-2015 03:45,1.041431448,0.283035666,0.99
15-09-2015 04:00,0.647139847,0.188011518,0.99
15-09-2015 04:15,0.361707044,0.107898488,0.99
15-09-2015 04:30,0.184219049,0.059061927,0.99
15-09-2015 04:45,0.102370817,0.037043893,0.99
15-09-2015 05:00,0.075960475,0.029431059,0.99
15-09-2015 05:15,0.070197443,0.028252537,0.99
15-09-2015 05:30,0.068247009,0.031183408,0.99
15-09-2015 05:45,0.066318711,0.039141688,0.99
15-09-2015 06:00,0.066364055,0.055103578,0.99
15-09-2015 06:15,0.073965105,0.083314098,0.99
15-09-2015 06:30,0.098436905,0.126730955,0.99
15-09-2015 06:45,0.138855327,0.176165909,0.99
15-09-2015 07:00,0.170407852,0.201226144,0.99
15-09-2015 07:15,0.168388689,0.176754731,0.99
15-09-2015 07:30,0.140153807,0.119164002,0.99
15-09-2015 07:45,0.111469489,0.067571347,0.99
15-09-2015 08:00,0.096794343,0.040611009,0.99
15-09-2015 08:15,0.095199948,0.032498188,0.99
15-09-2015 08:30,0.100397449,0.032868979,0.99
15-09-2015 08:45,0.109102433,0.035984472,0.99
15-09-2015 09:00,0.12362968,0.039582908,0.99
15-09-2015 09:15,0.143053784,0.04295231,0.99
15-09-2015 09:30,0.155223775,0.046149887,0.99
15-09-2015 09:45,0.151144596,0.049526017,0.99
15-09-2015 10:00,0.138458597,0.053044346,0.99
15-09-2015 10:15,0.126850072,0.055995827,0.99
15-09-2015 10:30,0.116147568,0.057813709,0.99
15-09-2015 10:45,0.104487073,0.059146904,0.99
15-09-2015 11:00,0.092135685,0.06265992,0.99
15-09-2015 11:15,0.078682556,0.073281809,0.99
15-09-2015 11:30,0.064966608,0.095220678,0.99
15-09-2015 11:45,0.053632771,0.12659711,0.99
15-09-2015 12:00,0.045898542,0.16010449,0.99
15-09-2015 12:15,5.502884562,2.732845665,0.99
15-09-2015 12:30,6.412647057,2.734681884,0.99
15-09-2015 12:45,6.949204499,2.485477103,0.99
15-09-2015 13:00,6.832065724,1.950098964,0.99
15-09-2015 13:15,6.353637304,1.327495302,0.99
15-09-2015 13:30,5.986711559,0.860303154,0.99
15-09-2015 13:45,5.781977626,0.60946394,0.99
15-09-2015 14:00,5.593012524,0.505868125,0.99
15-09-2015 14:15,5.323759717,0.465899063,0.99
15-09-2015 14:30,4.828246333,0.431393015,0.99
15-09-2015 14:45,4.071947013,0.391781229,0.99
15-09-2015 15:00,3.300942867,0.374816881,0.99
15-09-2015 15:15,2.735754639,0.386231512,0.99
15-09-2015 15:30,2.290517744,0.382512463,0.99
15-09-2015 15:45,1.750448078,0.32150404,0.99
15-09-2015 16:00,1.101100777,0.21606839,0.99
15-09-2015 16:15,0.541649377,0.118777453,0.99
15-09-2015 16:30,0.2151191,0.064981781,0.99
15-09-2015 16:45,0.084100856,0.050630819,0.99
15-09-2015 17:00,0.046292215,0.054250452,0.99
15-09-2015 17:15,0.038045867,0.059540408,0.99
15-09-2015 17:30,0.037003611,0.063713939,0.99
15-09-2015 17:45,0.037366907,0.07269539,0.99
15-09-2015 18:00,0.0385484,0.086035859,0.99
15-09-2015 18:15,0.041508336,0.09171957,0.99
15-09-2015 18:30,0.04620626,0.080781757,0.99
15-09-2015 18:45,0.05247739,0.059509042,0.99
15-09-2015 19:00,0.061005907,0.041048834,0.99
15-09-2015 19:15,0.070714071,0.031420253,0.99
15-09-2015 19:30,0.078600034,0.028343053,0.99
15-09-2015 19:45,0.08377585,0.02784632,0.99
15-09-2015 20:00,0.088508781,0.027940366,0.99
15-09-2015 20:15,0.094685279,0.028509173,0.99
15-09-2015 20:30,0.101234805,0.030147802,0.99
15-09-2015 20:45,0.105466447,0.033055295,0.99
15-09-2015 21:00,0.105973648,0.036642721,0.99
15-09-2015 21:15,0.103666392,0.040203392,0.99
15-09-2015 21:30,0.100394895,0.043759486,0.99
15-09-2015 21:45,0.097436975,0.047786568,0.99
15-09-2015 22:00,0.095103191,0.052073605,0.99
15-09-2015 22:15,0.092126984,0.055602583,0.99
15-09-2015 22:30,0.086300086,0.057840505,0.99
15-09-2015 22:45,0.078154209,0.059774674,0.99
15-09-2015 23:00,0.073669221,0.064172404,0.99
15-09-2015 23:15,0.08059584,0.075060039,0.99
15-09-2015 23:30,0.09811879,0.095086822,0.99
15-09-2015 23:45,0.113812939,0.122209109,0.99
16-09-2015 00:00,0.116994343,0.150774216,0.99
16-09-2015 00:15,6.471447939,2.880778013,0.99
16-09-2015 00:30,7.473533387,2.856213782,0.99
16-09-2015 00:45,8.027303473,2.593988071,0.99
16-09-2015 01:00,7.877366941,2.08193075,0.99
16-09-2015 01:15,7.320696062,1.48269452,0.99
16-09-2015 01:30,6.859364047,0.997127774,0.99
16-09-2015 01:45,6.64043462,0.714448826,0.99
16-09-2015 02:00,6.48537406,0.596579927,0.99
16-09-2015 02:15,6.14180071,0.544592212,0.99
16-09-2015 02:30,5.438175142,0.505631761,0.99
16-09-2015 02:45,4.412374352,0.489261261,0.99
16-09-2015 03:00,3.327861016,0.487269341,0.99
16-09-2015 03:15,2.472421141,0.466966637,0.99
16-09-2015 03:30,1.891462596,0.413117232,0.99
16-09-2015 03:45,1.411738003,0.324015804,0.99
16-09-2015 04:00,0.930361136,0.2160815,0.99
16-09-2015 04:15,0.517062354,0.129942046,0.99
16-09-2015 04:30,0.250917761,0.089791419,0.99
16-09-2015 04:45,0.121328579,0.079394009,0.99
16-09-2015 05:00,0.074861655,0.072096422,0.99
16-09-2015 05:15,0.072987409,0.060957869,0.99
16-09-2015 05:30,0.100543962,0.054878988,0.99
16-09-2015 05:45,0.142709657,0.061836748,0.99
16-09-2015 06:00,0.171804044,0.078729371,0.99
16-09-2015 06:15,0.168778404,0.090567131,0.99
16-09-2015 06:30,0.14290813,0.084100439,0.99
16-09-2015 06:45,0.114506398,0.063460436,0.99
16-09-2015 07:00,0.093565906,0.043640486,0.99
16-09-2015 07:15,0.081743825,0.032808338,0.99
16-09-2015 07:30,0.079318555,0.029102595,0.99
16-09-2015 07:45,0.085459514,0.028466647,0.99
16-09-2015 08:00,0.09785966,0.029210138,0.99
16-09-2015 08:15,0.114119093,0.03144839,0.99
16-09-2015 08:30,0.130661656,0.035144541,0.99
16-09-2015 08:45,0.141301396,0.039086218,0.99
16-09-2015 09:00,0.14245508,0.042015186,0.99
16-09-2015 09:15,0.137991685,0.044187493,0.99
16-09-2015 09:30,0.134749368,0.046727868,0.99
16-09-2015 09:45,0.135454491,0.050003111,0.99
16-09-2015 10:00,0.135848366,0.053302737,0.99
16-09-2015 10:15,0.127861164,0.055771762,0.99
16-09-2015 10:30,0.108913774,0.057271226,0.99
16-09-2015 10:45,0.086142019,0.058456901,0.99
16-09-2015 11:00,0.067847299,0.061020062,0.99
16-09-2015 11:15,0.055979969,0.06843069,0.99
16-09-2015 11:30,0.048694171,0.084418965,0.99
16-09-2015 11:45,0.044026315,0.108617059,0.99
16-09-2015 12:00,0.040584356,0.135884214,0.99
16-09-2015 12:15,6.674330627,2.790638958,0.99
16-09-2015 12:30,7.798776549,2.741115494,0.99
16-09-2015 12:45,8.49243936,2.476081962,0.99
16-09-2015 13:00,8.451823894,1.995236315,0.99
16-09-2015 13:15,7.902734188,1.447768933,0.99
16-09-2015 13:30,7.285913913,1.005225478,0.99
16-09-2015 13:45,6.778213924,0.741736335,0.99
16-09-2015 14:00,6.342989207,0.629728806,0.99
16-09-2015 14:15,5.854556637,0.580178985,0.99
16-09-2015 14:30,5.1535814,0.522077031,0.99
16-09-2015 14:45,4.202563929,0.445251405,0.99
16-09-2015 15:00,3.173460479,0.36096505,0.99
16-09-2015 15:15,2.284564977,0.273184075,0.99
16-09-2015 15:30,1.600487333,0.188883482,0.99
16-09-2015 15:45,1.058311791,0.118922781,0.99
16-09-2015 16:00,0.629430952,0.070834941,0.99
16-09-2015 16:15,0.34350993,0.044825696,0.99
16-09-2015 16:30,0.197134234,0.034195166,0.99
16-09-2015 16:45,0.135059948,0.031248527,0.99
16-09-2015 17:00,0.105199768,0.032233003,0.99
16-09-2015 17:15,0.085355917,0.037909347,0.99
16-09-2015 17:30,0.071170585,0.051215297,0.99
16-09-2015 17:45,0.063236928,0.071824359,0.99
16-09-2015 18:00,0.062435148,0.091223433,0.99
16-09-2015 18:15,0.066947034,0.096625404,0.99
16-09-2015 18:30,0.072753633,0.08351614,0.99
16-09-2015 18:45,0.076854285,0.061387076,0.99
16-09-2015 19:00,0.07967163,0.043567653,0.99
16-09-2015 19:15,0.085008136,0.03555926,0.99
16-09-2015 19:30,0.094266384,0.03526836,0.99
16-09-2015 19:45,0.102483419,0.039030202,0.99
16-09-2015 20:00,0.105328279,0.044625148,0.99
16-09-2015 20:15,0.104079819,0.050291157,0.99
16-09-2015 20:30,0.100599835,0.053244056,0.99
16-09-2015 20:45,0.095259976,0.051828836,0.99
16-09-2015 21:00,0.089626462,0.048162404,0.99
16-09-2015 21:15,0.087252182,0.045856414,0.99
16-09-2015 21:30,0.091951671,0.046522196,0.99
16-09-2015 21:45,0.103337064,0.049555408,0.99
16-09-2015 22:00,0.115751143,0.053377951,0.99
16-09-2015 22:15,0.12382644,0.056541232,0.99
16-09-2015 22:30,0.125894675,0.0585771,0.99
16-09-2015 22:45,0.122056739,0.059888395,0.99
16-09-2015 23:00,0.11304797,0.061134496,0.99
16-09-2015 23:15,0.10144486,0.062934301,0.99
16-09-2015 23:30,0.090930051,0.065303194,0.99
16-09-2015 23:45,0.083470281,0.067227516,0.99
17-09-2015 00:00,0.078773836,0.067707474,0.99
17-09-2015 00:15,6.82247356,4.331414355,0.99
17-09-2015 00:30,7.876383754,4.545564429,0.99
17-09-2015 00:45,8.485152181,4.430998869,0.99
17-09-2015 01:00,8.361814911,3.866222481,0.99
17-09-2015 01:15,7.78231174,3.031242424,0.99
17-09-2015 01:30,7.227825565,2.222170545,0.99
17-09-2015 01:45,6.80912592,1.586585312,0.99
17-09-2015 02:00,6.355465833,1.145283557,0.99
17-09-2015 02:15,5.74093207,0.872947362,0.99
17-09-2015 02:30,4.966560764,0.718845198,0.99
17-09-2015 02:45,4.105124298,0.632742335,0.99
17-09-2015 03:00,3.244575117,0.575849497,0.99
17-09-2015 03:15,2.47759104,0.518624321,0.99
17-09-2015 03:30,1.857854842,0.441059816,0.99
17-09-2015 03:45,1.344866897,0.338071416,0.99
17-09-2015 04:00,0.889544222,0.230927573,0.99
17-09-2015 04:15,0.520494001,0.155280921,0.99
17-09-2015 04:30,0.284302351,0.125275006,0.99
17-09-2015 04:45,0.172197138,0.120152055,0.99
17-09-2015 05:00,0.135879076,0.111768137,0.99
17-09-2015 05:15,0.130259179,0.09635124,0.99
17-09-2015 05:30,0.132999213,0.093007095,0.99
17-09-2015 05:45,0.141391696,0.117231984,0.99
17-09-2015 06:00,0.154991165,0.159898826,0.99
17-09-2015 06:15,0.165184396,0.189600662,0.99
17-09-2015 06:30,0.163899669,0.181210138,0.99
17-09-2015 06:45,0.152040172,0.14099392,0.99
17-09-2015 07:00,0.136237713,0.096183699,0.99
17-09-2015 07:15,0.12296818,0.067860787,0.99
17-09-2015 07:30,0.113472743,0.058353686,0.99
17-09-2015 07:45,0.104801393,0.057238408,0.99
17-09-2015 08:00,0.097328749,0.055174348,0.99
17-09-2015 08:15,0.095257901,0.051000093,0.99
17-09-2015 08:30,0.099327087,0.047387784,0.99
17-09-2015 08:45,0.104917174,0.045228055,0.99
17-09-2015 09:00,0.108233531,0.043935529,0.99
17-09-2015 09:15,0.109607978,0.043696747,0.99
17-09-2015 09:30,0.110205886,0.045628468,0.99
17-09-2015 09:45,0.110345565,0.05041793,0.99
17-09-2015 10:00,0.110213808,0.05673338,0.99
17-09-2015 10:15,0.109039332,0.061364783,0.99
17-09-2015 10:30,0.10589566,0.062249959,0.99
17-09-2015 10:45,0.102179642,0.060620168,0.99
17-09-2015 11:00,0.100757066,0.059257508,0.99
17-09-2015 11:15,0.102436451,0.059990332,0.99
17-09-2015 11:30,0.104516743,0.062976434,0.99
17-09-2015 11:45,0.104191959,0.067122691,0.99
17-09-2015 12:00,0.101829112,0.071133177,0.99
